num,word
0,zero
1,one
2,two
3,three
4,four
5,five
6,six
7,seven
8,eight
9,nine
10,ten
11,eleven
12,twelve
13,thirteen
14,fourteen
15,fifteen
16,sixteen
17,seventeen
18,eighteen
20,twenty
21,twenty-one
22,twenty-two
23,twenty-three
24,twenty-four
25,twenty-five
26,twenty-six
28,twenty-eight
29,twenty-nine
30,thirty
33,thirty-three
34,thirty-four
35,thirty-five
36,thirty-six
37,thirty-seven
38,thirty-eight
39,thirty-nine
40,forty
41,forty-one
42,forty-two
43,forty-three
44,forty-four
46,forty-six
47,forty-seven
48,forty-eight
50,fifty
51,fifty-one
52,fifty-two
53,fifty-three
54,fifty-four
55,fifty-five
56,fifty-six
58,fifty-eight
60,sixty
61,sixty-one
62,sixty-two
63,sixty-three
64,sixty-four
65,sixty-five
66,sixty-six
68,sixty-eight
69,sixty-nine
71,seventy-one
73,seventy-three
74,seventy-four
75,seventy-five
76,seventy-six
77,seventy-seven
78,seventy-eight
79,seventy-nine
80,eighty
81,eighty-one
82,eighty-two
83,eighty-three
84,eighty-four
85,eighty-five
86,eighty-six
87,eighty-seven
88,eighty-eight
89,eighty-nine
90,ninety
92,ninety-two
93,ninety-three
94,ninety-four
95,ninety-five
96,ninety-six
97,ninety-seven
98,ninety-eight
99,ninety-nine
100,one hundred
110,one hundred and ten
120,one hundred and twenty
130,one hundred and thirty
140,one hundred and forty
150,one hundred and fifty
160,one hundred and sixty
170,one hundred and seventy
180,one hundred and eighty
190,one hundred and ninety
200,two hundred
210,two hundred and ten
220,two hundred and twenty
230,two hundred and thirty
250,two hundred and fifty
260,two hundred and sixty
270,two hundred and seventy
280,two hundred and eighty
290,two hundred and ninety
310,three hundred and ten
320,three hundred and twenty
330,three hundred and thirty
340,three hundred and forty
360,three hundred and sixty
370,three hundred and seventy
380,three hundred and eighty
390,three hundred and ninety
400,four hundred
420,four hundred and twenty
430,four hundred and thirty
440,four hundred and forty
450,four hundred and fifty
460,four hundred and sixty
470,four hundred and seventy
480,four hundred and eighty
500,five hundred
510,five hundred and ten
520,five hundred and twenty
530,five hundred and thirty
540,five hundred and forty
550,five hundred and fifty
560,five hundred and sixty
570,five hundred and seventy
580,five hundred and eighty
600,six hundred
620,six hundred and twenty
650,six hundred and fifty
660,six hundred and sixty
670,six hundred and seventy
680,six hundred and eighty
690,six hundred and ninety
700,seven hundred
710,seven hundred and ten
720,seven hundred and twenty
730,seven hundred and thirty
740,seven hundred and forty
750,seven hundred and fifty
760,seven hundred and sixty
770,seven hundred and seventy
780,seven hundred and eighty
790,seven hundred and ninety
800,eight hundred
810,eight hundred and ten
820,eight hundred and twenty
830,eight hundred and thirty
840,eight hundred and forty
850,eight hundred and fifty
860,eight hundred and sixty
870,eight hundred and seventy
880,eight hundred and eighty
890,eight hundred and ninety
900,nine hundred
920,nine hundred and twenty
930,nine hundred and thirty
940,nine hundred and forty
960,nine hundred and sixty
970,nine hundred and seventy
980,nine hundred and eighty
990,nine hundred and ninety
4809,"four thousand, eight hundred and nine"
8608,"eight thousand, six hundred and eight"
4395,"four thousand, three hundred and ninety-five"
2608,"two thousand, six hundred and eight"
4982,"four thousand, nine hundred and eighty-two"
2264,"two thousand, two hundred and sixty-four"
7273,"seven thousand, two hundred and seventy-three"
2051,two thousand and fifty-one
9030,nine thousand and thirty
9402,"nine thousand, four hundred and two"
1979,"one thousand, nine hundred and seventy-nine"
8070,eight thousand and seventy
6993,"six thousand, nine hundred and ninety-three"
3447,"three thousand, four hundred and forty-seven"
6517,"six thousand, five hundred and seventeen"
5285,"five thousand, two hundred and eighty-five"
6221,"six thousand, two hundred and twenty-one"
6459,"six thousand, four hundred and fifty-nine"
4861,"four thousand, eight hundred and sixty-one"
7054,seven thousand and fifty-four
7790,"seven thousand, seven hundred and ninety"
7760,"seven thousand, seven hundred and sixty"
5776,"five thousand, seven hundred and seventy-six"
1065,one thousand and sixty-five
1743,"one thousand, seven hundred and forty-three"
7132,"seven thousand, one hundred and thirty-two"
2889,"two thousand, eight hundred and eighty-nine"
4635,"four thousand, six hundred and thirty-five"
7965,"seven thousand, nine hundred and sixty-five"
3409,"three thousand, four hundred and nine"
5536,"five thousand, five hundred and thirty-six"
6375,"six thousand, three hundred and seventy-five"
1845,"one thousand, eight hundred and forty-five"
9368,"nine thousand, three hundred and sixty-eight"
2326,"two thousand, three hundred and twenty-six"
1723,"one thousand, seven hundred and twenty-three"
6039,six thousand and thirty-nine
5437,"five thousand, four hundred and thirty-seven"
2560,"two thousand, five hundred and sixty"
3453,"three thousand, four hundred and fifty-three"
1150,"one thousand, one hundred and fifty"
4495,"four thousand, four hundred and ninety-five"
1081,one thousand and eighty-one
4599,"four thousand, five hundred and ninety-nine"
9916,"nine thousand, nine hundred and sixteen"
9545,"nine thousand, five hundred and forty-five"
4839,"four thousand, eight hundred and thirty-nine"
8389,"eight thousand, three hundred and eighty-nine"
8866,"eight thousand, eight hundred and sixty-six"
2923,"two thousand, nine hundred and twenty-three"
3421,"three thousand, four hundred and twenty-one"
1749,"one thousand, seven hundred and forty-nine"
1394,"one thousand, three hundred and ninety-four"
9144,"nine thousand, one hundred and forty-four"
6232,"six thousand, two hundred and thirty-two"
2396,"two thousand, three hundred and ninety-six"
9339,"nine thousand, three hundred and thirty-nine"
5919,"five thousand, nine hundred and nineteen"
2327,"two thousand, three hundred and twenty-seven"
4013,four thousand and thirteen
1758,"one thousand, seven hundred and fifty-eight"
8220,"eight thousand, two hundred and twenty"
8632,"eight thousand, six hundred and thirty-two"
7253,"seven thousand, two hundred and fifty-three"
3391,"three thousand, three hundred and ninety-one"
7295,"seven thousand, two hundred and ninety-five"
9532,"nine thousand, five hundred and thirty-two"
5923,"five thousand, nine hundred and twenty-three"
5916,"five thousand, nine hundred and sixteen"
2612,"two thousand, six hundred and twelve"
9648,"nine thousand, six hundred and forty-eight"
2472,"two thousand, four hundred and seventy-two"
8180,"eight thousand, one hundred and eighty"
1216,"one thousand, two hundred and sixteen"
7191,"seven thousand, one hundred and ninety-one"
8008,eight thousand and eight
7941,"seven thousand, nine hundred and forty-one"
1853,"one thousand, eight hundred and fifty-three"
3478,"three thousand, four hundred and seventy-eight"
8821,"eight thousand, eight hundred and twenty-one"
2150,"two thousand, one hundred and fifty"
6358,"six thousand, three hundred and fifty-eight"
2531,"two thousand, five hundred and thirty-one"
8631,"eight thousand, six hundred and thirty-one"
1677,"one thousand, six hundred and seventy-seven"
3961,"three thousand, nine hundred and sixty-one"
4390,"four thousand, three hundred and ninety"
8543,"eight thousand, five hundred and forty-three"
4399,"four thousand, three hundred and ninety-nine"
2389,"two thousand, three hundred and eighty-nine"
2507,"two thousand, five hundred and seven"
9498,"nine thousand, four hundred and ninety-eight"
8877,"eight thousand, eight hundred and seventy-seven"
8004,eight thousand and four
2704,"two thousand, seven hundred and four"
7896,"seven thousand, eight hundred and ninety-six"
1515,"one thousand, five hundred and fifteen"
5211,"five thousand, two hundred and eleven"
2035,two thousand and thirty-five
7248,"seven thousand, two hundred and forty-eight"
2787,"two thousand, seven hundred and eighty-seven"
7051,seven thousand and fifty-one
4580,"four thousand, five hundred and eighty"
5945,"five thousand, nine hundred and forty-five"
7359,"seven thousand, three hundred and fifty-nine"
9586,"nine thousand, five hundred and eighty-six"
3959,"three thousand, nine hundred and fifty-nine"
2254,"two thousand, two hundred and fifty-four"
1670,"one thousand, six hundred and seventy"
1633,"one thousand, six hundred and thirty-three"
5506,"five thousand, five hundred and six"
4592,"four thousand, five hundred and ninety-two"
7675,"seven thousand, six hundred and seventy-five"
3071,three thousand and seventy-one
3976,"three thousand, nine hundred and seventy-six"
9210,"nine thousand, two hundred and ten"
3494,"three thousand, four hundred and ninety-four"
6805,"six thousand, eight hundred and five"
2275,"two thousand, two hundred and seventy-five"
4739,"four thousand, seven hundred and thirty-nine"
5392,"five thousand, three hundred and ninety-two"
5850,"five thousand, eight hundred and fifty"
3010,three thousand and ten
6902,"six thousand, nine hundred and two"
5257,"five thousand, two hundred and fifty-seven"
9575,"nine thousand, five hundred and seventy-five"
5025,five thousand and twenty-five
7360,"seven thousand, three hundred and sixty"
5030,five thousand and thirty
8780,"eight thousand, seven hundred and eighty"
6603,"six thousand, six hundred and three"
7184,"seven thousand, one hundred and eighty-four"
2091,two thousand and ninety-one
3028,three thousand and twenty-eight
1806,"one thousand, eight hundred and six"
7611,"seven thousand, six hundred and eleven"
2343,"two thousand, three hundred and forty-three"
5574,"five thousand, five hundred and seventy-four"
6255,"six thousand, two hundred and fifty-five"
9795,"nine thousand, seven hundred and ninety-five"
1112,"one thousand, one hundred and twelve"
6827,"six thousand, eight hundred and twenty-seven"
5468,"five thousand, four hundred and sixty-eight"
3504,"three thousand, five hundred and four"
6826,"six thousand, eight hundred and twenty-six"
2004,two thousand and four
5021,five thousand and twenty-one
3689,"three thousand, six hundred and eighty-nine"
4014,four thousand and fourteen
9848,"nine thousand, eight hundred and forty-eight"
4957,"four thousand, nine hundred and fifty-seven"
7890,"seven thousand, eight hundred and ninety"
8862,"eight thousand, eight hundred and sixty-two"
8831,"eight thousand, eight hundred and thirty-one"
4353,"four thousand, three hundred and fifty-three"
5400,"five thousand, four hundred"
8853,"eight thousand, eight hundred and fifty-three"
2444,"two thousand, four hundred and forty-four"
7822,"seven thousand, eight hundred and twenty-two"
4219,"four thousand, two hundred and nineteen"
8960,"eight thousand, nine hundred and sixty"
5684,"five thousand, six hundred and eighty-four"
1905,"one thousand, nine hundred and five"
3313,"three thousand, three hundred and thirteen"
9835,"nine thousand, eight hundred and thirty-five"
5572,"five thousand, five hundred and seventy-two"
9737,"nine thousand, seven hundred and thirty-seven"
8749,"eight thousand, seven hundred and forty-nine"
3851,"three thousand, eight hundred and fifty-one"
6328,"six thousand, three hundred and twenty-eight"
2458,"two thousand, four hundred and fifty-eight"
9827,"nine thousand, eight hundred and twenty-seven"
4874,"four thousand, eight hundred and seventy-four"
4750,"four thousand, seven hundred and fifty"
7171,"seven thousand, one hundred and seventy-one"
6333,"six thousand, three hundred and thirty-three"
9018,nine thousand and eighteen
8402,"eight thousand, four hundred and two"
2637,"two thousand, six hundred and thirty-seven"
3064,three thousand and sixty-four
2328,"two thousand, three hundred and twenty-eight"
2726,"two thousand, seven hundred and twenty-six"
9813,"nine thousand, eight hundred and thirteen"
5012,five thousand and twelve
6753,"six thousand, seven hundred and fifty-three"
1849,"one thousand, eight hundred and forty-nine"
8967,"eight thousand, nine hundred and sixty-seven"
2870,"two thousand, eight hundred and seventy"
4279,"four thousand, two hundred and seventy-nine"
1334,"one thousand, three hundred and thirty-four"
2934,"two thousand, nine hundred and thirty-four"
4843,"four thousand, eight hundred and forty-three"
1920,"one thousand, nine hundred and twenty"
1115,"one thousand, one hundred and fifteen"
8257,"eight thousand, two hundred and fifty-seven"
3102,"three thousand, one hundred and two"
9253,"nine thousand, two hundred and fifty-three"
8034,eight thousand and thirty-four
4072,four thousand and seventy-two
9168,"nine thousand, one hundred and sixty-eight"
8467,"eight thousand, four hundred and sixty-seven"
1963,"one thousand, nine hundred and sixty-three"
6977,"six thousand, nine hundred and seventy-seven"
7080,seven thousand and eighty
4533,"four thousand, five hundred and thirty-three"
4352,"four thousand, three hundred and fifty-two"
9084,nine thousand and eighty-four
8533,"eight thousand, five hundred and thirty-three"
7216,"seven thousand, two hundred and sixteen"
6365,"six thousand, three hundred and sixty-five"
1073,one thousand and seventy-three
4414,"four thousand, four hundred and fourteen"
4884,"four thousand, eight hundred and eighty-four"
7694,"seven thousand, six hundred and ninety-four"
6023,six thousand and twenty-three
4331,"four thousand, three hundred and thirty-one"
1427,"one thousand, four hundred and twenty-seven"
1330,"one thousand, three hundred and thirty"
3252,"three thousand, two hundred and fifty-two"
7376,"seven thousand, three hundred and seventy-six"
8855,"eight thousand, eight hundred and fifty-five"
2303,"two thousand, three hundred and three"
3993,"three thousand, nine hundred and ninety-three"
4618,"four thousand, six hundred and eighteen"
3461,"three thousand, four hundred and sixty-one"
8209,"eight thousand, two hundred and nine"
3718,"three thousand, seven hundred and eighteen"
5237,"five thousand, two hundred and thirty-seven"
2805,"two thousand, eight hundred and five"
9224,"nine thousand, two hundred and twenty-four"
8064,eight thousand and sixty-four
4153,"four thousand, one hundred and fifty-three"
4831,"four thousand, eight hundred and thirty-one"
4860,"four thousand, eight hundred and sixty"
5795,"five thousand, seven hundred and ninety-five"
7130,"seven thousand, one hundred and thirty"
9012,nine thousand and twelve
2976,"two thousand, nine hundred and seventy-six"
6174,"six thousand, one hundred and seventy-four"
7597,"seven thousand, five hundred and ninety-seven"
9120,"nine thousand, one hundred and twenty"
1183,"one thousand, one hundred and eighty-three"
5296,"five thousand, two hundred and ninety-six"
3268,"three thousand, two hundred and sixty-eight"
1004,one thousand and four
9858,"nine thousand, eight hundred and fifty-eight"
1397,"one thousand, three hundred and ninety-seven"
7791,"seven thousand, seven hundred and ninety-one"
4824,"four thousand, eight hundred and twenty-four"
3806,"three thousand, eight hundred and six"
9254,"nine thousand, two hundred and fifty-four"
9823,"nine thousand, eight hundred and twenty-three"
3377,"three thousand, three hundred and seventy-seven"
3917,"three thousand, nine hundred and seventeen"
9209,"nine thousand, two hundred and nine"
1573,"one thousand, five hundred and seventy-three"
7519,"seven thousand, five hundred and nineteen"
2866,"two thousand, eight hundred and sixty-six"
1680,"one thousand, six hundred and eighty"
2317,"two thousand, three hundred and seventeen"
4680,"four thousand, six hundred and eighty"
6224,"six thousand, two hundred and twenty-four"
6298,"six thousand, two hundred and ninety-eight"
1446,"one thousand, four hundred and forty-six"
6295,"six thousand, two hundred and ninety-five"
5459,"five thousand, four hundred and fifty-nine"
2871,"two thousand, eight hundred and seventy-one"
1913,"one thousand, nine hundred and thirteen"
5851,"five thousand, eight hundred and fifty-one"
5777,"five thousand, seven hundred and seventy-seven"
5103,"five thousand, one hundred and three"
3115,"three thousand, one hundred and fifteen"
4269,"four thousand, two hundred and sixty-nine"
3452,"three thousand, four hundred and fifty-two"
4821,"four thousand, eight hundred and twenty-one"
3807,"three thousand, eight hundred and seven"
1742,"one thousand, seven hundred and forty-two"
5829,"five thousand, eight hundred and twenty-nine"
9283,"nine thousand, two hundred and eighty-three"
7629,"seven thousand, six hundred and twenty-nine"
6075,six thousand and seventy-five
3091,three thousand and ninety-one
4458,"four thousand, four hundred and fifty-eight"
5393,"five thousand, three hundred and ninety-three"
6352,"six thousand, three hundred and fifty-two"
2837,"two thousand, eight hundred and thirty-seven"
9502,"nine thousand, five hundred and two"
1006,one thousand and six
6035,six thousand and thirty-five
6182,"six thousand, one hundred and eighty-two"
6790,"six thousand, seven hundred and ninety"
5619,"five thousand, six hundred and nineteen"
6510,"six thousand, five hundred and ten"
4721,"four thousand, seven hundred and twenty-one"
1712,"one thousand, seven hundred and twelve"
6967,"six thousand, nine hundred and sixty-seven"
5228,"five thousand, two hundred and twenty-eight"
2723,"two thousand, seven hundred and twenty-three"
7226,"seven thousand, two hundred and twenty-six"
3545,"three thousand, five hundred and forty-five"
7321,"seven thousand, three hundred and twenty-one"
8511,"eight thousand, five hundred and eleven"
7209,"seven thousand, two hundred and nine"
5137,"five thousand, one hundred and thirty-seven"
5648,"five thousand, six hundred and forty-eight"
6415,"six thousand, four hundred and fifteen"
8711,"eight thousand, seven hundred and eleven"
9437,"nine thousand, four hundred and thirty-seven"
5677,"five thousand, six hundred and seventy-seven"
3331,"three thousand, three hundred and thirty-one"
4977,"four thousand, nine hundred and seventy-seven"
8838,"eight thousand, eight hundred and thirty-eight"
9534,"nine thousand, five hundred and thirty-four"
6845,"six thousand, eight hundred and forty-five"
6546,"six thousand, five hundred and forty-six"
8287,"eight thousand, two hundred and eighty-seven"
8385,"eight thousand, three hundred and eighty-five"
3970,"three thousand, nine hundred and seventy"
7026,seven thousand and twenty-six
3528,"three thousand, five hundred and twenty-eight"
3695,"three thousand, six hundred and ninety-five"
6465,"six thousand, four hundred and sixty-five"
3319,"three thousand, three hundred and nineteen"
4724,"four thousand, seven hundred and twenty-four"
5213,"five thousand, two hundred and thirteen"
4421,"four thousand, four hundred and twenty-one"
7089,seven thousand and eighty-nine
7426,"seven thousand, four hundred and twenty-six"
9622,"nine thousand, six hundred and twenty-two"
5609,"five thousand, six hundred and nine"
4649,"four thousand, six hundred and forty-nine"
4710,"four thousand, seven hundred and ten"
1755,"one thousand, seven hundred and fifty-five"
9265,"nine thousand, two hundred and sixty-five"
6485,"six thousand, four hundred and eighty-five"
4830,"four thousand, eight hundred and thirty"
3052,three thousand and fifty-two
5418,"five thousand, four hundred and eighteen"
2216,"two thousand, two hundred and sixteen"
4644,"four thousand, six hundred and forty-four"
7987,"seven thousand, nine hundred and eighty-seven"
6139,"six thousand, one hundred and thirty-nine"
6082,six thousand and eighty-two
8349,"eight thousand, three hundred and forty-nine"
7476,"seven thousand, four hundred and seventy-six"
9665,"nine thousand, six hundred and sixty-five"
2484,"two thousand, four hundred and eighty-four"
5155,"five thousand, one hundred and fifty-five"
6901,"six thousand, nine hundred and one"
8055,eight thousand and fifty-five
4550,"four thousand, five hundred and fifty"
9087,nine thousand and eighty-seven
6161,"six thousand, one hundred and sixty-one"
2748,"two thousand, seven hundred and forty-eight"
2511,"two thousand, five hundred and eleven"
7924,"seven thousand, nine hundred and twenty-four"
1571,"one thousand, five hundred and seventy-one"
2730,"two thousand, seven hundred and thirty"
7302,"seven thousand, three hundred and two"
6891,"six thousand, eight hundred and ninety-one"
9882,"nine thousand, eight hundred and eighty-two"
5408,"five thousand, four hundred and eight"
2638,"two thousand, six hundred and thirty-eight"
2854,"two thousand, eight hundred and fifty-four"
3406,"three thousand, four hundred and six"
1299,"one thousand, two hundred and ninety-nine"
9077,nine thousand and seventy-seven
4778,"four thousand, seven hundred and seventy-eight"
1996,"one thousand, nine hundred and ninety-six"
9857,"nine thousand, eight hundred and fifty-seven"
1509,"one thousand, five hundred and nine"
3317,"three thousand, three hundred and seventeen"
9624,"nine thousand, six hundred and twenty-four"
1199,"one thousand, one hundred and ninety-nine"
6943,"six thousand, nine hundred and forty-three"
1994,"one thousand, nine hundred and ninety-four"
9071,nine thousand and seventy-one
5894,"five thousand, eight hundred and ninety-four"
6754,"six thousand, seven hundred and fifty-four"
3496,"three thousand, four hundred and ninety-six"
6356,"six thousand, three hundred and fifty-six"
3978,"three thousand, nine hundred and seventy-eight"
9472,"nine thousand, four hundred and seventy-two"
1139,"one thousand, one hundred and thirty-nine"
2724,"two thousand, seven hundred and twenty-four"
8771,"eight thousand, seven hundred and seventy-one"
5858,"five thousand, eight hundred and fifty-eight"
9276,"nine thousand, two hundred and seventy-six"
8098,eight thousand and ninety-eight
2456,"two thousand, four hundred and fifty-six"
5485,"five thousand, four hundred and eighty-five"
7813,"seven thousand, eight hundred and thirteen"
4613,"four thousand, six hundred and thirteen"
3748,"three thousand, seven hundred and forty-eight"
7880,"seven thousand, eight hundred and eighty"
8331,"eight thousand, three hundred and thirty-one"
6367,"six thousand, three hundred and sixty-seven"
6090,six thousand and ninety
7284,"seven thousand, two hundred and eighty-four"
5533,"five thousand, five hundred and thirty-three"
3710,"three thousand, seven hundred and ten"
8211,"eight thousand, two hundred and eleven"
5387,"five thousand, three hundred and eighty-seven"
9258,"nine thousand, two hundred and fifty-eight"
3180,"three thousand, one hundred and eighty"
5294,"five thousand, two hundred and ninety-four"
6503,"six thousand, five hundred and three"
3248,"three thousand, two hundred and forty-eight"
1777,"one thousand, seven hundred and seventy-seven"
8151,"eight thousand, one hundred and fifty-one"
2609,"two thousand, six hundred and nine"
1431,"one thousand, four hundred and thirty-one"
6031,six thousand and thirty-one
6450,"six thousand, four hundred and fifty"
6268,"six thousand, two hundred and sixty-eight"
3013,three thousand and thirteen
8972,"eight thousand, nine hundred and seventy-two"
1836,"one thousand, eight hundred and thirty-six"
8351,"eight thousand, three hundred and fifty-one"
9770,"nine thousand, seven hundred and seventy"
9695,"nine thousand, six hundred and ninety-five"
1795,"one thousand, seven hundred and ninety-five"
9649,"nine thousand, six hundred and forty-nine"
8922,"eight thousand, nine hundred and twenty-two"
9612,"nine thousand, six hundred and twelve"
4330,"four thousand, three hundred and thirty"
5742,"five thousand, seven hundred and forty-two"
2646,"two thousand, six hundred and forty-six"
7157,"seven thousand, one hundred and fifty-seven"
6299,"six thousand, two hundred and ninety-nine"
5353,"five thousand, three hundred and fifty-three"
1517,"one thousand, five hundred and seventeen"
3777,"three thousand, seven hundred and seventy-seven"
4852,"four thousand, eight hundred and fifty-two"
2302,"two thousand, three hundred and two"
7882,"seven thousand, eight hundred and eighty-two"
6610,"six thousand, six hundred and ten"
8743,"eight thousand, seven hundred and forty-three"
7605,"seven thousand, six hundred and five"
3579,"three thousand, five hundred and seventy-nine"
1491,"one thousand, four hundred and ninety-one"
8205,"eight thousand, two hundred and five"
7742,"seven thousand, seven hundred and forty-two"
5272,"five thousand, two hundred and seventy-two"
4106,"four thousand, one hundred and six"
3563,"three thousand, five hundred and sixty-three"
9508,"nine thousand, five hundred and eight"
2473,"two thousand, four hundred and seventy-three"
5650,"five thousand, six hundred and fifty"
4485,"four thousand, four hundred and eighty-five"
7893,"seven thousand, eight hundred and ninety-three"
6011,six thousand and eleven
2674,"two thousand, six hundred and seventy-four"
5187,"five thousand, one hundred and eighty-seven"
9750,"nine thousand, seven hundred and fifty"
4829,"four thousand, eight hundred and twenty-nine"
5610,"five thousand, six hundred and ten"
1820,"one thousand, eight hundred and twenty"
4822,"four thousand, eight hundred and twenty-two"
6592,"six thousand, five hundred and ninety-two"
1965,"one thousand, nine hundred and sixty-five"
4275,"four thousand, two hundred and seventy-five"
3780,"three thousand, seven hundred and eighty"
3009,three thousand and nine
6849,"six thousand, eight hundred and forty-nine"
1589,"one thousand, five hundred and eighty-nine"
5567,"five thousand, five hundred and sixty-seven"
6535,"six thousand, five hundred and thirty-five"
8415,"eight thousand, four hundred and fifteen"
1874,"one thousand, eight hundred and seventy-four"
4385,"four thousand, three hundred and eighty-five"
7938,"seven thousand, nine hundred and thirty-eight"
4768,"four thousand, seven hundred and sixty-eight"
5925,"five thousand, nine hundred and twenty-five"
5332,"five thousand, three hundred and thirty-two"
4575,"four thousand, five hundred and seventy-five"
3119,"three thousand, one hundred and nineteen"
9099,nine thousand and ninety-nine
9898,"nine thousand, eight hundred and ninety-eight"
2861,"two thousand, eight hundred and sixty-one"
2181,"two thousand, one hundred and eighty-one"
6751,"six thousand, seven hundred and fifty-one"
3739,"three thousand, seven hundred and thirty-nine"
4000,four thousand
5635,"five thousand, six hundred and thirty-five"
8138,"eight thousand, one hundred and thirty-eight"
9310,"nine thousand, three hundred and ten"
9591,"nine thousand, five hundred and ninety-one"
1406,"one thousand, four hundred and six"
1501,"one thousand, five hundred and one"
3004,three thousand and four
9995,"nine thousand, nine hundred and ninety-five"
8363,"eight thousand, three hundred and sixty-three"
9309,"nine thousand, three hundred and nine"
8874,"eight thousand, eight hundred and seventy-four"
5429,"five thousand, four hundred and twenty-nine"
4827,"four thousand, eight hundred and twenty-seven"
7534,"seven thousand, five hundred and thirty-four"
1259,"one thousand, two hundred and fifty-nine"
2185,"two thousand, one hundred and eighty-five"
4145,"four thousand, one hundred and forty-five"
2024,two thousand and twenty-four
2729,"two thousand, seven hundred and twenty-nine"
1417,"one thousand, four hundred and seventeen"
1812,"one thousand, eight hundred and twelve"
5948,"five thousand, nine hundred and forty-eight"
1278,"one thousand, two hundred and seventy-eight"
3620,"three thousand, six hundred and twenty"
3744,"three thousand, seven hundred and forty-four"
4281,"four thousand, two hundred and eighty-one"
2011,two thousand and eleven
6847,"six thousand, eight hundred and forty-seven"
3193,"three thousand, one hundred and ninety-three"
6878,"six thousand, eight hundred and seventy-eight"
2968,"two thousand, nine hundred and sixty-eight"
7960,"seven thousand, nine hundred and sixty"
4234,"four thousand, two hundred and thirty-four"
8315,"eight thousand, three hundred and fifteen"
2222,"two thousand, two hundred and twenty-two"
4386,"four thousand, three hundred and eighty-six"
9855,"nine thousand, eight hundred and fifty-five"
4017,four thousand and seventeen
4903,"four thousand, nine hundred and three"
6860,"six thousand, eight hundred and sixty"
8206,"eight thousand, two hundred and six"
8549,"eight thousand, five hundred and forty-nine"
4953,"four thousand, nine hundred and fifty-three"
3062,three thousand and sixty-two
3906,"three thousand, nine hundred and six"
3141,"three thousand, one hundred and forty-one"
2546,"two thousand, five hundred and forty-six"
3108,"three thousand, one hundred and eight"
8380,"eight thousand, three hundred and eighty"
4307,"four thousand, three hundred and seven"
9968,"nine thousand, nine hundred and sixty-eight"
2902,"two thousand, nine hundred and two"
3225,"three thousand, two hundred and twenty-five"
5974,"five thousand, nine hundred and seventy-four"
3913,"three thousand, nine hundred and thirteen"
3844,"three thousand, eight hundred and forty-four"
2888,"two thousand, eight hundred and eighty-eight"
4415,"four thousand, four hundred and fifteen"
3817,"three thousand, eight hundred and seventeen"
4665,"four thousand, six hundred and sixty-five"
4711,"four thousand, seven hundred and eleven"
1937,"one thousand, nine hundred and thirty-seven"
8546,"eight thousand, five hundred and forty-six"
6705,"six thousand, seven hundred and five"
1355,"one thousand, three hundred and fifty-five"
9698,"nine thousand, six hundred and ninety-eight"
3989,"three thousand, nine hundred and eighty-nine"
1062,one thousand and sixty-two
4525,"four thousand, five hundred and twenty-five"
7387,"seven thousand, three hundred and eighty-seven"
1304,"one thousand, three hundred and four"
9425,"nine thousand, four hundred and twenty-five"
9256,"nine thousand, two hundred and fifty-six"
4798,"four thousand, seven hundred and ninety-eight"
8253,"eight thousand, two hundred and fifty-three"
1679,"one thousand, six hundred and seventy-nine"
8618,"eight thousand, six hundred and eighteen"
6397,"six thousand, three hundred and ninety-seven"
1268,"one thousand, two hundred and sixty-eight"
5492,"five thousand, four hundred and ninety-two"
4118,"four thousand, one hundred and eighteen"
2165,"two thousand, one hundred and sixty-five"
8364,"eight thousand, three hundred and sixty-four"
4004,four thousand and four
8136,"eight thousand, one hundred and thirty-six"
6873,"six thousand, eight hundred and seventy-three"
4803,"four thousand, eight hundred and three"
7030,seven thousand and thirty
2908,"two thousand, nine hundred and eight"
9328,"nine thousand, three hundred and twenty-eight"
4043,four thousand and forty-three
8022,eight thousand and twenty-two
3381,"three thousand, three hundred and eighty-one"
6549,"six thousand, five hundred and forty-nine"
9886,"nine thousand, eight hundred and eighty-six"
7299,"seven thousand, two hundred and ninety-nine"
2373,"two thousand, three hundred and seventy-three"
5369,"five thousand, three hundred and sixty-nine"
2431,"two thousand, four hundred and thirty-one"
5044,five thousand and forty-four
3244,"three thousand, two hundred and forty-four"
7806,"seven thousand, eight hundred and six"
6863,"six thousand, eight hundred and sixty-three"
4200,"four thousand, two hundred"
7796,"seven thousand, seven hundred and ninety-six"
3243,"three thousand, two hundred and forty-three"
4054,four thousand and fifty-four
8171,"eight thousand, one hundred and seventy-one"
4642,"four thousand, six hundred and forty-two"
6721,"six thousand, seven hundred and twenty-one"
4253,"four thousand, two hundred and fifty-three"
9961,"nine thousand, nine hundred and sixty-one"
5381,"five thousand, three hundred and eighty-one"
4578,"four thousand, five hundred and seventy-eight"
1692,"one thousand, six hundred and ninety-two"
3396,"three thousand, three hundred and ninety-six"
6598,"six thousand, five hundred and ninety-eight"
5091,five thousand and ninety-one
9634,"nine thousand, six hundred and thirty-four"
4579,"four thousand, five hundred and seventy-nine"
3740,"three thousand, seven hundred and forty"
4262,"four thousand, two hundred and sixty-two"
8605,"eight thousand, six hundred and five"
2544,"two thousand, five hundred and forty-four"
6037,six thousand and thirty-seven
6949,"six thousand, nine hundred and forty-nine"
9804,"nine thousand, eight hundred and four"
8538,"eight thousand, five hundred and thirty-eight"
6629,"six thousand, six hundred and twenty-nine"
3766,"three thousand, seven hundred and sixty-six"
4683,"four thousand, six hundred and eighty-three"
2788,"two thousand, seven hundred and eighty-eight"
8371,"eight thousand, three hundred and seventy-one"
9843,"nine thousand, eight hundred and forty-three"
9792,"nine thousand, seven hundred and ninety-two"
5235,"five thousand, two hundred and thirty-five"
7280,"seven thousand, two hundred and eighty"
5174,"five thousand, one hundred and seventy-four"
1784,"one thousand, seven hundred and eighty-four"
7128,"seven thousand, one hundred and twenty-eight"
2572,"two thousand, five hundred and seventy-two"
8759,"eight thousand, seven hundred and fifty-nine"
2502,"two thousand, five hundred and two"
4365,"four thousand, three hundred and sixty-five"
4693,"four thousand, six hundred and ninety-three"
1072,one thousand and seventy-two
9194,"nine thousand, one hundred and ninety-four"
4972,"four thousand, nine hundred and seventy-two"
2538,"two thousand, five hundred and thirty-eight"
7231,"seven thousand, two hundred and thirty-one"
4486,"four thousand, four hundred and eighty-six"
4764,"four thousand, seven hundred and sixty-four"
7460,"seven thousand, four hundred and sixty"
2555,"two thousand, five hundred and fifty-five"
8845,"eight thousand, eight hundred and forty-five"
3031,three thousand and thirty-one
4165,"four thousand, one hundred and sixty-five"
9085,nine thousand and eighty-five
3727,"three thousand, seven hundred and twenty-seven"
6568,"six thousand, five hundred and sixty-eight"
4582,"four thousand, five hundred and eighty-two"
9187,"nine thousand, one hundred and eighty-seven"
1512,"one thousand, five hundred and twelve"
8362,"eight thousand, three hundred and sixty-two"
9395,"nine thousand, three hundred and ninety-five"
6667,"six thousand, six hundred and sixty-seven"
9626,"nine thousand, six hundred and twenty-six"
5814,"five thousand, eight hundred and fourteen"
4182,"four thousand, one hundred and eighty-two"
8118,"eight thousand, one hundred and eighteen"
3104,"three thousand, one hundred and four"
4788,"four thousand, seven hundred and eighty-eight"
1545,"one thousand, five hundred and forty-five"
9919,"nine thousand, nine hundred and nineteen"
4154,"four thousand, one hundred and fifty-four"
8492,"eight thousand, four hundred and ninety-two"
2734,"two thousand, seven hundred and thirty-four"
7325,"seven thousand, three hundred and twenty-five"
8044,eight thousand and forty-four
1661,"one thousand, six hundred and sixty-one"
1236,"one thousand, two hundred and thirty-six"
1250,"one thousand, two hundred and fifty"
5922,"five thousand, nine hundred and twenty-two"
3387,"three thousand, three hundred and eighty-seven"
5170,"five thousand, one hundred and seventy"
1553,"one thousand, five hundred and fifty-three"
4538,"four thousand, five hundred and thirty-eight"
6638,"six thousand, six hundred and thirty-eight"
9072,nine thousand and seventy-two
3802,"three thousand, eight hundred and two"
6162,"six thousand, one hundred and sixty-two"
4190,"four thousand, one hundred and ninety"
6930,"six thousand, nine hundred and thirty"
4369,"four thousand, three hundred and sixty-nine"
2739,"two thousand, seven hundred and thirty-nine"
4410,"four thousand, four hundred and ten"
7010,seven thousand and ten
3663,"three thousand, six hundred and sixty-three"
9955,"nine thousand, nine hundred and fifty-five"
5674,"five thousand, six hundred and seventy-four"
4313,"four thousand, three hundred and thirteen"
1648,"one thousand, six hundred and forty-eight"
8762,"eight thousand, seven hundred and sixty-two"
8407,"eight thousand, four hundred and seven"
8992,"eight thousand, nine hundred and ninety-two"
2191,"two thousand, one hundred and ninety-one"
9013,nine thousand and thirteen
5807,"five thousand, eight hundred and seven"
3174,"three thousand, one hundred and seventy-four"
2989,"two thousand, nine hundred and eighty-nine"
2259,"two thousand, two hundred and fifty-nine"
3943,"three thousand, nine hundred and forty-three"
2306,"two thousand, three hundred and six"
6242,"six thousand, two hundred and forty-two"
7903,"seven thousand, nine hundred and three"
8494,"eight thousand, four hundred and ninety-four"
1747,"one thousand, seven hundred and forty-seven"
1191,"one thousand, one hundred and ninety-one"
4371,"four thousand, three hundred and seventy-one"
1182,"one thousand, one hundred and eighty-two"
2017,two thousand and seventeen
7809,"seven thousand, eight hundred and nine"
4697,"four thousand, six hundred and ninety-seven"
8282,"eight thousand, two hundred and eighty-two"
2867,"two thousand, eight hundred and sixty-seven"
3992,"three thousand, nine hundred and ninety-two"
3019,three thousand and nineteen
2581,"two thousand, five hundred and eighty-one"
4674,"four thousand, six hundred and seventy-four"
9367,"nine thousand, three hundred and sixty-seven"
9098,nine thousand and ninety-eight
6294,"six thousand, two hundred and ninety-four"
2522,"two thousand, five hundred and twenty-two"
5956,"five thousand, nine hundred and fifty-six"
7750,"seven thousand, seven hundred and fifty"
6880,"six thousand, eight hundred and eighty"
9359,"nine thousand, three hundred and fifty-nine"
1221,"one thousand, two hundred and twenty-one"
8399,"eight thousand, three hundred and ninety-nine"
8832,"eight thousand, eight hundred and thirty-two"
1272,"one thousand, two hundred and seventy-two"
3890,"three thousand, eight hundred and ninety"
4986,"four thousand, nine hundred and eighty-six"
2298,"two thousand, two hundred and ninety-eight"
9003,nine thousand and three
7531,"seven thousand, five hundred and thirty-one"
9652,"nine thousand, six hundred and fifty-two"
3416,"three thousand, four hundred and sixteen"
7846,"seven thousand, eight hundred and forty-six"
7835,"seven thousand, eight hundred and thirty-five"
9746,"nine thousand, seven hundred and forty-six"
8466,"eight thousand, four hundred and sixty-six"
3918,"three thousand, nine hundred and eighteen"
7952,"seven thousand, nine hundred and fifty-two"
2310,"two thousand, three hundred and ten"
7758,"seven thousand, seven hundred and fifty-eight"
5490,"five thousand, four hundred and ninety"
2485,"two thousand, four hundred and eighty-five"
2272,"two thousand, two hundred and seventy-two"
2352,"two thousand, three hundred and fifty-two"
9153,"nine thousand, one hundred and fifty-three"
1607,"one thousand, six hundred and seven"
9185,"nine thousand, one hundred and eighty-five"
6118,"six thousand, one hundred and eighteen"
8670,"eight thousand, six hundred and seventy"
8049,eight thousand and forty-nine
9319,"nine thousand, three hundred and nineteen"
8014,eight thousand and fourteen
1258,"one thousand, two hundred and fifty-eight"
7412,"seven thousand, four hundred and twelve"
7328,"seven thousand, three hundred and twenty-eight"
5018,five thousand and eighteen
1879,"one thousand, eight hundred and seventy-nine"
2161,"two thousand, one hundred and sixty-one"
5471,"five thousand, four hundred and seventy-one"
9333,"nine thousand, three hundred and thirty-three"
2891,"two thousand, eight hundred and ninety-one"
9839,"nine thousand, eight hundred and thirty-nine"
8357,"eight thousand, three hundred and fifty-seven"
2293,"two thousand, two hundred and ninety-three"
4402,"four thousand, four hundred and two"
7922,"seven thousand, nine hundred and twenty-two"
8707,"eight thousand, seven hundred and seven"
5590,"five thousand, five hundred and ninety"
3327,"three thousand, three hundred and twenty-seven"
3450,"three thousand, four hundred and fifty"
9118,"nine thousand, one hundred and eighteen"
5880,"five thousand, eight hundred and eighty"
8305,"eight thousand, three hundred and five"
9610,"nine thousand, six hundred and ten"
3594,"three thousand, five hundred and ninety-four"
8382,"eight thousand, three hundred and eighty-two"
2993,"two thousand, nine hundred and ninety-three"
9565,"nine thousand, five hundred and sixty-five"
9957,"nine thousand, nine hundred and fifty-seven"
8079,eight thousand and seventy-nine
8849,"eight thousand, eight hundred and forty-nine"
7014,seven thousand and fourteen
1902,"one thousand, nine hundred and two"
9420,"nine thousand, four hundred and twenty"
2851,"two thousand, eight hundred and fifty-one"
5588,"five thousand, five hundred and eighty-eight"
4259,"four thousand, two hundred and fifty-nine"
6463,"six thousand, four hundred and sixty-three"
8214,"eight thousand, two hundred and fourteen"
9413,"nine thousand, four hundred and thirteen"
5988,"five thousand, nine hundred and eighty-eight"
8645,"eight thousand, six hundred and forty-five"
8804,"eight thousand, eight hundred and four"
8499,"eight thousand, four hundred and ninety-nine"
7582,"seven thousand, five hundred and eighty-two"
5999,"five thousand, nine hundred and ninety-nine"
3321,"three thousand, three hundred and twenty-one"
2942,"two thousand, nine hundred and forty-two"
2601,"two thousand, six hundred and one"
5312,"five thousand, three hundred and twelve"
5853,"five thousand, eight hundred and fifty-three"
3341,"three thousand, three hundred and forty-one"
2080,two thousand and eighty
4811,"four thousand, eight hundred and eleven"
9141,"nine thousand, one hundred and forty-one"
1054,one thousand and fifty-four
6825,"six thousand, eight hundred and twenty-five"
4844,"four thousand, eight hundred and forty-four"
4249,"four thousand, two hundred and forty-nine"
7020,seven thousand and twenty
9335,"nine thousand, three hundred and thirty-five"
3860,"three thousand, eight hundred and sixty"
3899,"three thousand, eight hundred and ninety-nine"
1444,"one thousand, four hundred and forty-four"
7693,"seven thousand, six hundred and ninety-three"
5229,"five thousand, two hundred and twenty-nine"
7687,"seven thousand, six hundred and eighty-seven"
9493,"nine thousand, four hundred and ninety-three"
6206,"six thousand, two hundred and six"
3791,"three thousand, seven hundred and ninety-one"
8598,"eight thousand, five hundred and ninety-eight"
5475,"five thousand, four hundred and seventy-five"
7652,"seven thousand, six hundred and fifty-two"
6024,six thousand and twenty-four
8235,"eight thousand, two hundred and thirty-five"
4851,"four thousand, eight hundred and fifty-one"
9922,"nine thousand, nine hundred and twenty-two"
8374,"eight thousand, three hundred and seventy-four"
6489,"six thousand, four hundred and eighty-nine"
1635,"one thousand, six hundred and thirty-five"
6297,"six thousand, two hundred and ninety-seven"
9945,"nine thousand, nine hundred and forty-five"
1918,"one thousand, nine hundred and eighteen"
1535,"one thousand, five hundred and thirty-five"
9762,"nine thousand, seven hundred and sixty-two"
9140,"nine thousand, one hundred and forty"
5035,five thousand and thirty-five
4157,"four thousand, one hundred and fifty-seven"
1828,"one thousand, eight hundred and twenty-eight"
3101,"three thousand, one hundred and one"
4691,"four thousand, six hundred and ninety-one"
6835,"six thousand, eight hundred and thirty-five"
7726,"seven thousand, seven hundred and twenty-six"
1142,"one thousand, one hundred and forty-two"
9439,"nine thousand, four hundred and thirty-nine"
3684,"three thousand, six hundred and eighty-four"
7439,"seven thousand, four hundred and thirty-nine"
3790,"three thousand, seven hundred and ninety"
8142,"eight thousand, one hundred and forty-two"
5949,"five thousand, nine hundred and forty-nine"
1801,"one thousand, eight hundred and one"
5658,"five thousand, six hundred and fifty-eight"
2984,"two thousand, nine hundred and eighty-four"
3114,"three thousand, one hundred and fourteen"
2725,"two thousand, seven hundred and twenty-five"
6796,"six thousand, seven hundred and ninety-six"
6348,"six thousand, three hundred and forty-eight"
5288,"five thousand, two hundred and eighty-eight"
4304,"four thousand, three hundred and four"
4645,"four thousand, six hundred and forty-five"
5852,"five thousand, eight hundred and fifty-two"
7851,"seven thousand, eight hundred and fifty-one"
5416,"five thousand, four hundred and sixteen"
3088,three thousand and eighty-eight
7466,"seven thousand, four hundred and sixty-six"
5995,"five thousand, nine hundred and ninety-five"
2621,"two thousand, six hundred and twenty-one"
2073,two thousand and seventy-three
4942,"four thousand, nine hundred and forty-two"
8676,"eight thousand, six hundred and seventy-six"
2336,"two thousand, three hundred and thirty-six"
8659,"eight thousand, six hundred and fifty-nine"
1369,"one thousand, three hundred and sixty-nine"
7949,"seven thousand, nine hundred and forty-nine"
7774,"seven thousand, seven hundred and seventy-four"
2360,"two thousand, three hundred and sixty"
5863,"five thousand, eight hundred and sixty-three"
3858,"three thousand, eight hundred and fifty-eight"
6964,"six thousand, nine hundred and sixty-four"
7461,"seven thousand, four hundred and sixty-one"
5663,"five thousand, six hundred and sixty-three"
8924,"eight thousand, nine hundred and twenty-four"
4685,"four thousand, six hundred and eighty-five"
8689,"eight thousand, six hundred and eighty-nine"
6605,"six thousand, six hundred and five"
8186,"eight thousand, one hundred and eighty-six"
2869,"two thousand, eight hundred and sixty-nine"
4302,"four thousand, three hundred and two"
6431,"six thousand, four hundred and thirty-one"
2450,"two thousand, four hundred and fifty"
6253,"six thousand, two hundred and fifty-three"
1019,one thousand and nineteen
2471,"two thousand, four hundred and seventy-one"
1990,"one thousand, nine hundred and ninety"
7317,"seven thousand, three hundred and seventeen"
9681,"nine thousand, six hundred and eighty-one"
9227,"nine thousand, two hundred and twenty-seven"
9062,nine thousand and sixty-two
8491,"eight thousand, four hundred and ninety-one"
5736,"five thousand, seven hundred and thirty-six"
2735,"two thousand, seven hundred and thirty-five"
9300,"nine thousand, three hundred"
9399,"nine thousand, three hundred and ninety-nine"
1999,"one thousand, nine hundred and ninety-nine"
2101,"two thousand, one hundred and one"
5349,"five thousand, three hundred and forty-nine"
5057,five thousand and fifty-seven
2177,"two thousand, one hundred and seventy-seven"
7734,"seven thousand, seven hundred and thirty-four"
3681,"three thousand, six hundred and eighty-one"
7964,"seven thousand, nine hundred and sixty-four"
3561,"three thousand, five hundred and sixty-one"
8826,"eight thousand, eight hundred and twenty-six"
1808,"one thousand, eight hundred and eight"
8575,"eight thousand, five hundred and seventy-five"
2765,"two thousand, seven hundred and sixty-five"
6580,"six thousand, five hundred and eighty"
1162,"one thousand, one hundred and sixty-two"
3578,"three thousand, five hundred and seventy-eight"
1453,"one thousand, four hundred and fifty-three"
9279,"nine thousand, two hundred and seventy-nine"
4267,"four thousand, two hundred and sixty-seven"
3359,"three thousand, three hundred and fifty-nine"
8041,eight thousand and forty-one
3642,"three thousand, six hundred and forty-two"
8978,"eight thousand, nine hundred and seventy-eight"
6999,"six thousand, nine hundred and ninety-nine"
8989,"eight thousand, nine hundred and eighty-nine"
3159,"three thousand, one hundred and fifty-nine"
7871,"seven thousand, eight hundred and seventy-one"
5964,"five thousand, nine hundred and sixty-four"
9782,"nine thousand, seven hundred and eighty-two"
8753,"eight thousand, seven hundred and fifty-three"
6915,"six thousand, nine hundred and fifteen"
5168,"five thousand, one hundred and sixty-eight"
1526,"one thousand, five hundred and twenty-six"
7576,"seven thousand, five hundred and seventy-six"
4936,"four thousand, nine hundred and thirty-six"
6822,"six thousand, eight hundred and twenty-two"
8248,"eight thousand, two hundred and forty-eight"
2803,"two thousand, eight hundred and three"
5399,"five thousand, three hundred and ninety-nine"
9996,"nine thousand, nine hundred and ninety-six"
1827,"one thousand, eight hundred and twenty-seven"
2539,"two thousand, five hundred and thirty-nine"
7047,seven thousand and forty-seven
5761,"five thousand, seven hundred and sixty-one"
7780,"seven thousand, seven hundred and eighty"
7222,"seven thousand, two hundred and twenty-two"
7563,"seven thousand, five hundred and sixty-three"
2532,"two thousand, five hundred and thirty-two"
8637,"eight thousand, six hundred and thirty-seven"
5268,"five thousand, two hundred and sixty-eight"
2461,"two thousand, four hundred and sixty-one"
6676,"six thousand, six hundred and seventy-six"
7319,"seven thousand, three hundred and nineteen"
4290,"four thousand, two hundred and ninety"
7408,"seven thousand, four hundred and eight"
4184,"four thousand, one hundred and eighty-four"
1839,"one thousand, eight hundred and thirty-nine"
3990,"three thousand, nine hundred and ninety"
6788,"six thousand, seven hundred and eighty-eight"
5580,"five thousand, five hundred and eighty"
4244,"four thousand, two hundred and forty-four"
8610,"eight thousand, six hundred and ten"
5539,"five thousand, five hundred and thirty-nine"
3481,"three thousand, four hundred and eighty-one"
1534,"one thousand, five hundred and thirty-four"
8226,"eight thousand, two hundred and twenty-six"
3487,"three thousand, four hundred and eighty-seven"
5575,"five thousand, five hundred and seventy-five"
8472,"eight thousand, four hundred and seventy-two"
4274,"four thousand, two hundred and seventy-four"
5579,"five thousand, five hundred and seventy-nine"
3123,"three thousand, one hundred and twenty-three"
9900,"nine thousand, nine hundred"
6564,"six thousand, five hundred and sixty-four"
9135,"nine thousand, one hundred and thirty-five"
1972,"one thousand, nine hundred and seventy-two"
7178,"seven thousand, one hundred and seventy-eight"
6533,"six thousand, five hundred and thirty-three"
7185,"seven thousand, one hundred and eighty-five"
5729,"five thousand, seven hundred and twenty-nine"
1318,"one thousand, three hundred and eighteen"
5186,"five thousand, one hundred and eighty-six"
2929,"two thousand, nine hundred and twenty-nine"
8869,"eight thousand, eight hundred and sixty-nine"
3213,"three thousand, two hundred and thirteen"
7291,"seven thousand, two hundred and ninety-one"
1246,"one thousand, two hundred and forty-six"
7807,"seven thousand, eight hundred and seven"
6046,six thousand and forty-six
3508,"three thousand, five hundred and eight"
6711,"six thousand, seven hundred and eleven"
7829,"seven thousand, eight hundred and twenty-nine"
3846,"three thousand, eight hundred and forty-six"
2013,two thousand and thirteen
3721,"three thousand, seven hundred and twenty-one"
3187,"three thousand, one hundred and eighty-seven"
9767,"nine thousand, seven hundred and sixty-seven"
1753,"one thousand, seven hundred and fifty-three"
4093,four thousand and ninety-three
3813,"three thousand, eight hundred and thirteen"
8397,"eight thousand, three hundred and ninety-seven"
6239,"six thousand, two hundred and thirty-nine"
3549,"three thousand, five hundred and forty-nine"
2301,"two thousand, three hundred and one"
9229,"nine thousand, two hundred and twenty-nine"
9391,"nine thousand, three hundred and ninety-one"
1271,"one thousand, two hundred and seventy-one"
6276,"six thousand, two hundred and seventy-six"
8042,eight thousand and forty-two
2447,"two thousand, four hundred and forty-seven"
2521,"two thousand, five hundred and twenty-one"
6623,"six thousand, six hundred and twenty-three"
5232,"five thousand, two hundred and thirty-two"
4834,"four thousand, eight hundred and thirty-four"
2707,"two thousand, seven hundred and seven"
1697,"one thousand, six hundred and ninety-seven"
8097,eight thousand and ninety-seven
5705,"five thousand, seven hundred and five"
8742,"eight thousand, seven hundred and forty-two"
8879,"eight thousand, eight hundred and seventy-nine"
5067,five thousand and sixty-seven
2164,"two thousand, one hundred and sixty-four"
9954,"nine thousand, nine hundred and fifty-four"
9666,"nine thousand, six hundred and sixty-six"
6850,"six thousand, eight hundred and fifty"
7817,"seven thousand, eight hundred and seventeen"
6877,"six thousand, eight hundred and seventy-seven"
6622,"six thousand, six hundred and twenty-two"
3755,"three thousand, seven hundred and fifty-five"
1097,one thousand and ninety-seven
5014,five thousand and fourteen
4705,"four thousand, seven hundred and five"
8540,"eight thousand, five hundred and forty"
1883,"one thousand, eight hundred and eighty-three"
8926,"eight thousand, nine hundred and twenty-six"
6508,"six thousand, five hundred and eight"
6656,"six thousand, six hundred and fifty-six"
4654,"four thousand, six hundred and fifty-four"
6571,"six thousand, five hundred and seventy-one"
8123,"eight thousand, one hundred and twenty-three"
1574,"one thousand, five hundred and seventy-four"
4306,"four thousand, three hundred and six"
1522,"one thousand, five hundred and twenty-two"
8144,"eight thousand, one hundred and forty-four"
6750,"six thousand, seven hundred and fifty"
5367,"five thousand, three hundred and sixty-seven"
6599,"six thousand, five hundred and ninety-nine"
7561,"seven thousand, five hundred and sixty-one"
4475,"four thousand, four hundred and seventy-five"
8614,"eight thousand, six hundred and fourteen"
9299,"nine thousand, two hundred and ninety-nine"
6010,six thousand and ten
4663,"four thousand, six hundred and sixty-three"
6562,"six thousand, five hundred and sixty-two"
8662,"eight thousand, six hundred and sixty-two"
7075,seven thousand and seventy-five
2611,"two thousand, six hundred and eleven"
7995,"seven thousand, nine hundred and ninety-five"
4176,"four thousand, one hundred and seventy-six"
6963,"six thousand, nine hundred and sixty-three"
9097,nine thousand and ninety-seven
3288,"three thousand, two hundred and eighty-eight"
1560,"one thousand, five hundred and sixty"
3933,"three thousand, nine hundred and thirty-three"
1832,"one thousand, eight hundred and thirty-two"
6030,six thousand and thirty
1380,"one thousand, three hundred and eighty"
4142,"four thousand, one hundred and forty-two"
8459,"eight thousand, four hundred and fifty-nine"
3482,"three thousand, four hundred and eighty-two"
1175,"one thousand, one hundred and seventy-five"
6881,"six thousand, eight hundred and eighty-one"
7483,"seven thousand, four hundred and eighty-three"
8089,eight thousand and eighty-nine
4630,"four thousand, six hundred and thirty"
7915,"seven thousand, nine hundred and fifteen"
8267,"eight thousand, two hundred and sixty-seven"
9719,"nine thousand, seven hundred and nineteen"
7190,"seven thousand, one hundred and ninety"
2094,two thousand and ninety-four
5561,"five thousand, five hundred and sixty-one"
3753,"three thousand, seven hundred and fifty-three"
5508,"five thousand, five hundred and eight"
5425,"five thousand, four hundred and twenty-five"
3161,"three thousand, one hundred and sixty-one"
2446,"two thousand, four hundred and forty-six"
2530,"two thousand, five hundred and thirty"
9485,"nine thousand, four hundred and eighty-five"
5935,"five thousand, nine hundred and thirty-five"
6034,six thousand and thirty-four
8900,"eight thousand, nine hundred"
5830,"five thousand, eight hundred and thirty"
3105,"three thousand, one hundred and five"
1291,"one thousand, two hundred and ninety-one"
8935,"eight thousand, nine hundred and thirty-five"
7049,seven thousand and forty-nine
8410,"eight thousand, four hundred and ten"
6588,"six thousand, five hundred and eighty-eight"
2780,"two thousand, seven hundred and eighty"
7375,"seven thousand, three hundred and seventy-five"
2418,"two thousand, four hundred and eighteen"
5882,"five thousand, eight hundred and eighty-two"
4968,"four thousand, nine hundred and sixty-eight"
8732,"eight thousand, seven hundred and thirty-two"
7859,"seven thousand, eight hundred and fifty-nine"
6661,"six thousand, six hundred and sixty-one"
8752,"eight thousand, seven hundred and fifty-two"
8623,"eight thousand, six hundred and twenty-three"
4804,"four thousand, eight hundred and four"
3403,"three thousand, four hundred and three"
5432,"five thousand, four hundred and thirty-two"
1700,"one thousand, seven hundred"
5230,"five thousand, two hundred and thirty"
1305,"one thousand, three hundred and five"
7159,"seven thousand, one hundred and fifty-nine"
1463,"one thousand, four hundred and sixty-three"
4318,"four thousand, three hundred and eighteen"
6479,"six thousand, four hundred and seventy-nine"
4535,"four thousand, five hundred and thirty-five"
8599,"eight thousand, five hundred and ninety-nine"
9676,"nine thousand, six hundred and seventy-six"
6296,"six thousand, two hundred and ninety-six"
5071,five thousand and seventy-one
5524,"five thousand, five hundred and twenty-four"
6916,"six thousand, nine hundred and sixteen"
3303,"three thousand, three hundred and three"
8980,"eight thousand, nine hundred and eighty"
2205,"two thousand, two hundred and five"
9465,"nine thousand, four hundred and sixty-five"
6740,"six thousand, seven hundred and forty"
5276,"five thousand, two hundred and seventy-six"
4507,"four thousand, five hundred and seven"
3446,"three thousand, four hundred and forty-six"
4754,"four thousand, seven hundred and fifty-four"
6078,six thousand and seventy-eight
9850,"nine thousand, eight hundred and fifty"
4389,"four thousand, three hundred and eighty-nine"
7703,"seven thousand, seven hundred and three"
7001,seven thousand and one
1039,one thousand and thirty-nine
3343,"three thousand, three hundred and forty-three"
8430,"eight thousand, four hundred and thirty"
1262,"one thousand, two hundred and sixty-two"
4612,"four thousand, six hundred and twelve"
4509,"four thousand, five hundred and nine"
3304,"three thousand, three hundred and four"
2585,"two thousand, five hundred and eighty-five"
4681,"four thousand, six hundred and eighty-one"
2832,"two thousand, eight hundred and thirty-two"
3838,"three thousand, eight hundred and thirty-eight"
4973,"four thousand, nine hundred and seventy-three"
3573,"three thousand, five hundred and seventy-three"
8604,"eight thousand, six hundred and four"
1117,"one thousand, one hundred and seventeen"
2070,two thousand and seventy
7451,"seven thousand, four hundred and fifty-one"
1731,"one thousand, seven hundred and thirty-one"
1034,one thousand and thirty-four
1468,"one thousand, four hundred and sixty-eight"
2309,"two thousand, three hundred and nine"
1270,"one thousand, two hundred and seventy"
6236,"six thousand, two hundred and thirty-six"
6475,"six thousand, four hundred and seventy-five"
2076,two thousand and seventy-six
2000,two thousand
9234,"nine thousand, two hundred and thirty-four"
7457,"seven thousand, four hundred and fifty-seven"
2919,"two thousand, nine hundred and nineteen"
3948,"three thousand, nine hundred and forty-eight"
9020,nine thousand and twenty
6692,"six thousand, six hundred and ninety-two"
4971,"four thousand, nine hundred and seventy-one"
6804,"six thousand, eight hundred and four"
3788,"three thousand, seven hundred and eighty-eight"
3090,three thousand and ninety
1423,"one thousand, four hundred and twenty-three"
7383,"seven thousand, three hundred and eighty-three"
6460,"six thousand, four hundred and sixty"
9108,"nine thousand, one hundred and eight"
2999,"two thousand, nine hundred and ninety-nine"
1083,one thousand and eighty-three
1565,"one thousand, five hundred and sixty-five"
2047,two thousand and forty-seven
8958,"eight thousand, nine hundred and fifty-eight"
2818,"two thousand, eight hundred and eighteen"
5519,"five thousand, five hundred and nineteen"
7609,"seven thousand, six hundred and nine"
9033,nine thousand and thirty-three
7463,"seven thousand, four hundred and sixty-three"
3100,"three thousand, one hundred"
7405,"seven thousand, four hundred and five"
8352,"eight thousand, three hundred and fifty-two"
3655,"three thousand, six hundred and fifty-five"
5583,"five thousand, five hundred and eighty-three"
9621,"nine thousand, six hundred and twenty-one"
1779,"one thousand, seven hundred and seventy-nine"
7304,"seven thousand, three hundred and four"
9647,"nine thousand, six hundred and forty-seven"
1169,"one thousand, one hundred and sixty-nine"
5065,five thousand and sixty-five
4119,"four thousand, one hundred and nineteen"
6366,"six thousand, three hundred and sixty-six"
5441,"five thousand, four hundred and forty-one"
2122,"two thousand, one hundred and twenty-two"
4479,"four thousand, four hundred and seventy-nine"
6577,"six thousand, five hundred and seventy-seven"
3842,"three thousand, eight hundred and forty-two"
7136,"seven thousand, one hundred and thirty-six"
7709,"seven thousand, seven hundred and nine"
7722,"seven thousand, seven hundred and twenty-two"
1157,"one thousand, one hundred and fifty-seven"
2077,two thousand and seventy-seven
7932,"seven thousand, nine hundred and thirty-two"
8894,"eight thousand, eight hundred and ninety-four"
5372,"five thousand, three hundred and seventy-two"
9432,"nine thousand, four hundred and thirty-two"
1603,"one thousand, six hundred and three"
7953,"seven thousand, nine hundred and fifty-three"
5804,"five thousand, eight hundred and four"
7677,"seven thousand, six hundred and seventy-seven"
4394,"four thousand, three hundred and ninety-four"
4412,"four thousand, four hundred and twelve"
1602,"one thousand, six hundred and two"
7580,"seven thousand, five hundred and eighty"
4706,"four thousand, seven hundred and six"
3360,"three thousand, three hundred and sixty"
8275,"eight thousand, two hundred and seventy-five"
3547,"three thousand, five hundred and forty-seven"
4052,four thousand and fifty-two
8016,eight thousand and sixteen
2714,"two thousand, seven hundred and fourteen"
4761,"four thousand, seven hundred and sixty-one"
3731,"three thousand, seven hundred and thirty-one"
4411,"four thousand, four hundred and eleven"
2261,"two thousand, two hundred and sixty-one"
7131,"seven thousand, one hundred and thirty-one"
7121,"seven thousand, one hundred and twenty-one"
1598,"one thousand, five hundred and ninety-eight"
9244,"nine thousand, two hundred and forty-four"
2311,"two thousand, three hundred and eleven"
6879,"six thousand, eight hundred and seventy-nine"
2938,"two thousand, nine hundred and thirty-eight"
3699,"three thousand, six hundred and ninety-nine"
1316,"one thousand, three hundred and sixteen"
2640,"two thousand, six hundred and forty"
2635,"two thousand, six hundred and thirty-five"
1890,"one thousand, eight hundred and ninety"
6530,"six thousand, five hundred and thirty"
3850,"three thousand, eight hundred and fifty"
1131,"one thousand, one hundred and thirty-one"
8834,"eight thousand, eight hundred and thirty-four"
7263,"seven thousand, two hundred and sixty-three"
1462,"one thousand, four hundred and sixty-two"
8096,eight thousand and ninety-six
6120,"six thousand, one hundred and twenty"
5621,"five thousand, six hundred and twenty-one"
2855,"two thousand, eight hundred and fifty-five"
2926,"two thousand, nine hundred and twenty-six"
7874,"seven thousand, eight hundred and seventy-four"
1519,"one thousand, five hundred and nineteen"
4152,"four thousand, one hundred and fifty-two"
8641,"eight thousand, six hundred and forty-one"
7025,seven thousand and twenty-five
1721,"one thousand, seven hundred and twenty-one"
9049,nine thousand and forty-nine
7777,"seven thousand, seven hundred and seventy-seven"
8182,"eight thousand, one hundred and eighty-two"
6336,"six thousand, three hundred and thirty-six"
2706,"two thousand, seven hundred and six"
4323,"four thousand, three hundred and twenty-three"
4037,four thousand and thirty-seven
9860,"nine thousand, eight hundred and sixty"
4436,"four thousand, four hundred and thirty-six"
6718,"six thousand, seven hundred and eighteen"
5692,"five thousand, six hundred and ninety-two"
5763,"five thousand, seven hundred and sixty-three"
9112,"nine thousand, one hundred and twelve"
9422,"nine thousand, four hundred and twenty-two"
4311,"four thousand, three hundred and eleven"
4847,"four thousand, eight hundred and forty-seven"
4835,"four thousand, eight hundred and thirty-five"
9687,"nine thousand, six hundred and eighty-seven"
6950,"six thousand, nine hundred and fifty"
6109,"six thousand, one hundred and nine"
7686,"seven thousand, six hundred and eighty-six"
5782,"five thousand, seven hundred and eighty-two"
3954,"three thousand, nine hundred and fifty-four"
3667,"three thousand, six hundred and sixty-seven"
8986,"eight thousand, nine hundred and eighty-six"
8084,eight thousand and eighty-four
7397,"seven thousand, three hundred and ninety-seven"
7763,"seven thousand, seven hundred and sixty-three"
6998,"six thousand, nine hundred and ninety-eight"
5934,"five thousand, nine hundred and thirty-four"
3032,three thousand and thirty-two
7385,"seven thousand, three hundred and eighty-five"
9342,"nine thousand, three hundred and forty-two"
9449,"nine thousand, four hundred and forty-nine"
9611,"nine thousand, six hundred and eleven"
4478,"four thousand, four hundred and seventy-eight"
2503,"two thousand, five hundred and three"
4941,"four thousand, nine hundred and forty-one"
5347,"five thousand, three hundred and forty-seven"
7928,"seven thousand, nine hundred and twenty-eight"
7346,"seven thousand, three hundred and forty-six"
9394,"nine thousand, three hundred and ninety-four"
4808,"four thousand, eight hundred and eight"
6421,"six thousand, four hundred and twenty-one"
6134,"six thousand, one hundred and thirty-four"
7769,"seven thousand, seven hundred and sixty-nine"
5502,"five thousand, five hundred and two"
7009,seven thousand and nine
1611,"one thousand, six hundred and eleven"
1249,"one thousand, two hundred and forty-nine"
4418,"four thousand, four hundred and eighteen"
9266,"nine thousand, two hundred and sixty-six"
2655,"two thousand, six hundred and fifty-five"
1725,"one thousand, seven hundred and twenty-five"
4890,"four thousand, eight hundred and ninety"
6820,"six thousand, eight hundred and twenty"
7065,seven thousand and sixty-five
7917,"seven thousand, nine hundred and seventeen"
4616,"four thousand, six hundred and sixteen"
8025,eight thousand and twenty-five
8561,"eight thousand, five hundred and sixty-one"
6818,"six thousand, eight hundred and eighteen"
5086,five thousand and eighty-six
9814,"nine thousand, eight hundred and fourteen"
2119,"two thousand, one hundred and nineteen"
5420,"five thousand, four hundred and twenty"
8692,"eight thousand, six hundred and ninety-two"
4964,"four thousand, nine hundred and sixty-four"
7202,"seven thousand, two hundred and two"
8591,"eight thousand, five hundred and ninety-one"
6761,"six thousand, seven hundred and sixty-one"
2033,two thousand and thirty-three
2935,"two thousand, nine hundred and thirty-five"
5944,"five thousand, nine hundred and forty-four"
7314,"seven thousand, three hundred and fourteen"
2980,"two thousand, nine hundred and eighty"
9469,"nine thousand, four hundred and sixty-nine"
1021,one thousand and twenty-one
4349,"four thousand, three hundred and forty-nine"
3399,"three thousand, three hundred and ninety-nine"
5324,"five thousand, three hundred and twenty-four"
8033,eight thousand and thirty-three
2400,"two thousand, four hundred"
2874,"two thousand, eight hundred and seventy-four"
1696,"one thousand, six hundred and ninety-six"
5095,five thousand and ninety-five
2347,"two thousand, three hundred and forty-seven"
7401,"seven thousand, four hundred and one"
2962,"two thousand, nine hundred and sixty-two"
7077,seven thousand and seventy-seven
8395,"eight thousand, three hundred and ninety-five"
1475,"one thousand, four hundred and seventy-five"
1689,"one thousand, six hundred and eighty-nine"
3276,"three thousand, two hundred and seventy-six"
6433,"six thousand, four hundred and thirty-three"
4326,"four thousand, three hundred and twenty-six"
1357,"one thousand, three hundred and fifty-seven"
8050,eight thousand and fifty
3238,"three thousand, two hundred and thirty-eight"
2422,"two thousand, four hundred and twenty-two"
8179,"eight thousand, one hundred and seventy-nine"
3717,"three thousand, seven hundred and seventeen"
5577,"five thousand, five hundred and seventy-seven"
6821,"six thousand, eight hundred and twenty-one"
3893,"three thousand, eight hundred and ninety-three"
1434,"one thousand, four hundred and thirty-four"
1925,"one thousand, nine hundred and twenty-five"
4045,four thousand and forty-five
8238,"eight thousand, two hundred and thirty-eight"
1961,"one thousand, nine hundred and sixty-one"
6089,six thousand and eighty-nine
1917,"one thousand, nine hundred and seventeen"
6833,"six thousand, eight hundred and thirty-three"
5070,five thousand and seventy
1158,"one thousand, one hundred and fifty-eight"
9178,"nine thousand, one hundred and seventy-eight"
3348,"three thousand, three hundred and forty-eight"
2591,"two thousand, five hundred and ninety-one"
5644,"five thousand, six hundred and forty-four"
6867,"six thousand, eight hundred and sixty-seven"
9897,"nine thousand, eight hundred and ninety-seven"
6986,"six thousand, nine hundred and eighty-six"
6664,"six thousand, six hundred and sixty-four"
7079,seven thousand and seventy-nine
4876,"four thousand, eight hundred and seventy-six"
6001,six thousand and one
4988,"four thousand, nine hundred and eighty-eight"
4186,"four thousand, one hundred and eighty-six"
9034,nine thousand and thirty-four
2469,"two thousand, four hundred and sixty-nine"
4278,"four thousand, two hundred and seventy-eight"
4168,"four thousand, one hundred and sixty-eight"
1170,"one thousand, one hundred and seventy"
6323,"six thousand, three hundred and twenty-three"
2082,two thousand and eighty-two
7849,"seven thousand, eight hundred and forty-nine"
4695,"four thousand, six hundred and ninety-five"
4622,"four thousand, six hundred and twenty-two"
8005,eight thousand and five
8942,"eight thousand, nine hundred and forty-two"
7297,"seven thousand, two hundred and ninety-seven"
5357,"five thousand, three hundred and fifty-seven"
1912,"one thousand, nine hundred and twelve"
3924,"three thousand, nine hundred and twenty-four"
3660,"three thousand, six hundred and sixty"
7650,"seven thousand, six hundred and fifty"
6049,six thousand and forty-nine
2971,"two thousand, nine hundred and seventy-one"
3982,"three thousand, nine hundred and eighty-two"
9726,"nine thousand, seven hundred and twenty-six"
4070,four thousand and seventy
5153,"five thousand, one hundred and fifty-three"
9149,"nine thousand, one hundred and forty-nine"
5889,"five thousand, eight hundred and eighty-nine"
6940,"six thousand, nine hundred and forty"
2454,"two thousand, four hundred and fifty-four"
6706,"six thousand, seven hundred and six"
6586,"six thousand, five hundred and eighty-six"
9809,"nine thousand, eight hundred and nine"
7212,"seven thousand, two hundred and twelve"
2097,two thousand and ninety-seven
2682,"two thousand, six hundred and eighty-two"
1708,"one thousand, seven hundred and eight"
4897,"four thousand, eight hundred and ninety-seven"
8915,"eight thousand, nine hundred and fifteen"
1383,"one thousand, three hundred and eighty-three"
2363,"two thousand, three hundred and sixty-three"
3619,"three thousand, six hundred and nineteen"
5479,"five thousand, four hundred and seventy-nine"
7286,"seven thousand, two hundred and eighty-six"
4006,four thousand and six
5843,"five thousand, eight hundred and forty-three"
6962,"six thousand, nine hundred and sixty-two"
2480,"two thousand, four hundred and eighty"
7950,"seven thousand, nine hundred and fifty"
7588,"seven thousand, five hundred and eighty-eight"
9298,"nine thousand, two hundred and ninety-eight"
5126,"five thousand, one hundred and twenty-six"
3056,three thousand and fifty-six
2305,"two thousand, three hundred and five"
2270,"two thousand, two hundred and seventy"
7669,"seven thousand, six hundred and sixty-nine"
4078,four thousand and seventy-eight
9806,"nine thousand, eight hundred and six"
7913,"seven thousand, nine hundred and thirteen"
7845,"seven thousand, eight hundred and forty-five"
4632,"four thousand, six hundred and thirty-two"
6412,"six thousand, four hundred and twelve"
6104,"six thousand, one hundred and four"
8740,"eight thousand, seven hundred and forty"
3160,"three thousand, one hundred and sixty"
8002,eight thousand and two
7296,"seven thousand, two hundred and ninety-six"
2937,"two thousand, nine hundred and thirty-seven"
5134,"five thousand, one hundred and thirty-four"
6131,"six thousand, one hundred and thirty-one"
3609,"three thousand, six hundred and nine"
9370,"nine thousand, three hundred and seventy"
4076,four thousand and seventy-six
2535,"two thousand, five hundred and thirty-five"
1165,"one thousand, one hundred and sixty-five"
2876,"two thousand, eight hundred and seventy-six"
8725,"eight thousand, seven hundred and twenty-five"
3581,"three thousand, five hundred and eighty-one"
2223,"two thousand, two hundred and twenty-three"
1426,"one thousand, four hundred and twenty-six"
3438,"three thousand, four hundred and thirty-eight"
2078,two thousand and seventy-eight
9878,"nine thousand, eight hundred and seventy-eight"
7982,"seven thousand, nine hundred and eighty-two"
7434,"seven thousand, four hundred and thirty-four"
2595,"two thousand, five hundred and ninety-five"
9156,"nine thousand, one hundred and fifty-six"
9541,"nine thousand, five hundred and forty-one"
9250,"nine thousand, two hundred and fifty"
4686,"four thousand, six hundred and eighty-six"
6103,"six thousand, one hundred and three"
7277,"seven thousand, two hundred and seventy-seven"
6334,"six thousand, three hundred and thirty-four"
9188,"nine thousand, one hundred and eighty-eight"
9467,"nine thousand, four hundred and sixty-seven"
7997,"seven thousand, nine hundred and ninety-seven"
3693,"three thousand, six hundred and ninety-three"
1844,"one thousand, eight hundred and forty-four"
4970,"four thousand, nine hundred and seventy"
8441,"eight thousand, four hundred and forty-one"
7752,"seven thousand, seven hundred and fifty-two"
4148,"four thousand, one hundred and forty-eight"
7449,"seven thousand, four hundred and forty-nine"
3427,"three thousand, four hundred and twenty-seven"
4801,"four thousand, eight hundred and one"
3072,three thousand and seventy-two
7957,"seven thousand, nine hundred and fifty-seven"
2816,"two thousand, eight hundred and sixteen"
3096,three thousand and ninety-six
2831,"two thousand, eight hundred and thirty-one"
4066,four thousand and sixty-six
9548,"nine thousand, five hundred and forty-eight"
7649,"seven thousand, six hundred and forty-nine"
2179,"two thousand, one hundred and seventy-nine"
4976,"four thousand, nine hundred and seventy-six"
6070,six thousand and seventy
9180,"nine thousand, one hundred and eighty"
9048,nine thousand and forty-eight
9777,"nine thousand, seven hundred and seventy-seven"
2987,"two thousand, nine hundred and eighty-seven"
3524,"three thousand, five hundred and twenty-four"
6520,"six thousand, five hundred and twenty"
9932,"nine thousand, nine hundred and thirty-two"
6443,"six thousand, four hundred and forty-three"
5571,"five thousand, five hundred and seventy-one"
2886,"two thousand, eight hundred and eighty-six"
8966,"eight thousand, nine hundred and sixty-six"
5675,"five thousand, six hundred and seventy-five"
9840,"nine thousand, eight hundred and forty"
2445,"two thousand, four hundred and forty-five"
1711,"one thousand, seven hundred and eleven"
3593,"three thousand, five hundred and ninety-three"
6597,"six thousand, five hundred and ninety-seven"
5482,"five thousand, four hundred and eighty-two"
5113,"five thousand, one hundred and thirteen"
2824,"two thousand, eight hundred and twenty-four"
4633,"four thousand, six hundred and thirty-three"
6439,"six thousand, four hundred and thirty-nine"
7830,"seven thousand, eight hundred and thirty"
6559,"six thousand, five hundred and fifty-nine"
9937,"nine thousand, nine hundred and thirty-seven"
7967,"seven thousand, nine hundred and sixty-seven"
7389,"seven thousand, three hundred and eighty-nine"
2182,"two thousand, one hundred and eighty-two"
6544,"six thousand, five hundred and forty-four"
8312,"eight thousand, three hundred and twelve"
1612,"one thousand, six hundred and twelve"
1946,"one thousand, nine hundred and forty-six"
2071,two thousand and seventy-one
1641,"one thousand, six hundred and forty-one"
4134,"four thousand, one hundred and thirty-four"
2331,"two thousand, three hundred and thirty-one"
8221,"eight thousand, two hundred and twenty-one"
3346,"three thousand, three hundred and forty-six"
9040,nine thousand and forty
2545,"two thousand, five hundred and forty-five"
3410,"three thousand, four hundred and ten"
5101,"five thousand, one hundred and one"
3222,"three thousand, two hundred and twenty-two"
3415,"three thousand, four hundred and fifteen"
2820,"two thousand, eight hundred and twenty"
9306,"nine thousand, three hundred and six"
1046,one thousand and forty-six
7755,"seven thousand, seven hundred and fifty-five"
8559,"eight thousand, five hundred and fifty-nine"
8788,"eight thousand, seven hundred and eighty-eight"
2348,"two thousand, three hundred and forty-eight"
8139,"eight thousand, one hundred and thirty-nine"
7394,"seven thousand, three hundred and ninety-four"
8899,"eight thousand, eight hundred and ninety-nine"
4040,four thousand and forty
8158,"eight thousand, one hundred and fifty-eight"
3255,"three thousand, two hundred and fifty-five"
2651,"two thousand, six hundred and fifty-one"
4180,"four thousand, one hundred and eighty"
6787,"six thousand, seven hundred and eighty-seven"
6643,"six thousand, six hundred and forty-three"
8649,"eight thousand, six hundred and forty-nine"
6513,"six thousand, five hundred and thirteen"
4910,"four thousand, nine hundred and ten"
2800,"two thousand, eight hundred"
1521,"one thousand, five hundred and twenty-one"
5427,"five thousand, four hundred and twenty-seven"
5356,"five thousand, three hundred and fifty-six"
1061,one thousand and sixty-one
2593,"two thousand, five hundred and ninety-three"
5308,"five thousand, three hundred and eight"
9788,"nine thousand, seven hundred and eighty-eight"
3798,"three thousand, seven hundred and ninety-eight"
1416,"one thousand, four hundred and sixteen"
6532,"six thousand, five hundred and thirty-two"
6704,"six thousand, seven hundred and four"
6816,"six thousand, eight hundred and sixteen"
8095,eight thousand and ninety-five
3411,"three thousand, four hundred and eleven"
2321,"two thousand, three hundred and twenty-one"
1644,"one thousand, six hundred and forty-four"
3836,"three thousand, eight hundred and thirty-six"
1767,"one thousand, seven hundred and sixty-seven"
3278,"three thousand, two hundred and seventy-eight"
9325,"nine thousand, three hundred and twenty-five"
9679,"nine thousand, six hundred and seventy-nine"
1429,"one thousand, four hundred and twenty-nine"
9237,"nine thousand, two hundred and thirty-seven"
3309,"three thousand, three hundred and nine"
8617,"eight thousand, six hundred and seventeen"
1740,"one thousand, seven hundred and forty"
3820,"three thousand, eight hundred and twenty"
4797,"four thousand, seven hundred and ninety-seven"
8686,"eight thousand, six hundred and eighty-six"
7511,"seven thousand, five hundred and eleven"
1980,"one thousand, nine hundred and eighty"
9934,"nine thousand, nine hundred and thirty-four"
6041,six thousand and forty-one
6374,"six thousand, three hundred and seventy-four"
8622,"eight thousand, six hundred and twenty-two"
5323,"five thousand, three hundred and twenty-three"
1167,"one thousand, one hundred and sixty-seven"
5438,"five thousand, four hundred and thirty-eight"
8668,"eight thousand, six hundred and sixty-eight"
9054,nine thousand and fifty-four
9308,"nine thousand, three hundred and eight"
7639,"seven thousand, six hundred and thirty-nine"
4554,"four thousand, five hundred and fifty-four"
9563,"nine thousand, five hundred and sixty-three"
8531,"eight thousand, five hundred and thirty-one"
7659,"seven thousand, six hundred and fifty-nine"
5373,"five thousand, three hundred and seventy-three"
5395,"five thousand, three hundred and ninety-five"
3355,"three thousand, three hundred and fifty-five"
1341,"one thousand, three hundred and forty-one"
4080,four thousand and eighty
6241,"six thousand, two hundred and forty-one"
1364,"one thousand, three hundred and sixty-four"
4556,"four thousand, five hundred and fifty-six"
7579,"seven thousand, five hundred and seventy-nine"
3958,"three thousand, nine hundred and fifty-eight"
1539,"one thousand, five hundred and thirty-nine"
5448,"five thousand, four hundred and forty-eight"
2670,"two thousand, six hundred and seventy"
3007,three thousand and seven
2113,"two thousand, one hundred and thirteen"
8090,eight thousand and ninety
7729,"seven thousand, seven hundred and twenty-nine"
2746,"two thousand, seven hundred and forty-six"
4954,"four thousand, nine hundred and fifty-four"
8778,"eight thousand, seven hundred and seventy-eight"
6477,"six thousand, four hundred and seventy-seven"
6269,"six thousand, two hundred and sixty-nine"
1402,"one thousand, four hundred and two"
5801,"five thousand, eight hundred and one"
2721,"two thousand, seven hundred and twenty-one"
3330,"three thousand, three hundred and thirty"
4960,"four thousand, nine hundred and sixty"
1209,"one thousand, two hundred and nine"
1177,"one thousand, one hundred and seventy-seven"
3994,"three thousand, nine hundred and ninety-four"
9569,"nine thousand, five hundred and sixty-nine"
7423,"seven thousand, four hundred and twenty-three"
6946,"six thousand, nine hundred and forty-six"
3512,"three thousand, five hundred and twelve"
4596,"four thousand, five hundred and ninety-six"
7526,"seven thousand, five hundred and twenty-six"
7515,"seven thousand, five hundred and fifteen"
8400,"eight thousand, four hundred"
2921,"two thousand, nine hundred and twenty-one"
2671,"two thousand, six hundred and seventy-one"
3709,"three thousand, seven hundred and nine"
1939,"one thousand, nine hundred and thirty-nine"
4158,"four thousand, one hundred and fifty-eight"
1230,"one thousand, two hundred and thirty"
2565,"two thousand, five hundred and sixty-five"
6188,"six thousand, one hundred and eighty-eight"
8566,"eight thousand, five hundred and sixty-six"
4815,"four thousand, eight hundred and fifteen"
2056,two thousand and fifty-six
9950,"nine thousand, nine hundred and fifty"
1111,"one thousand, one hundred and eleven"
6951,"six thousand, nine hundred and fifty-one"
5115,"five thousand, one hundred and fifteen"
6080,six thousand and eighty
8585,"eight thousand, five hundred and eighty-five"
8413,"eight thousand, four hundred and thirteen"
8318,"eight thousand, three hundred and eighteen"
1010,one thousand and ten
8998,"eight thousand, nine hundred and ninety-eight"
2060,two thousand and sixty
5261,"five thousand, two hundred and sixty-one"
6247,"six thousand, two hundred and forty-seven"
6713,"six thousand, seven hundred and thirteen"
7581,"seven thousand, five hundred and eighty-one"
8813,"eight thousand, eight hundred and thirteen"
3256,"three thousand, two hundred and fifty-six"
8124,"eight thousand, one hundred and twenty-four"
3221,"three thousand, two hundred and twenty-one"
8350,"eight thousand, three hundred and fifty"
2990,"two thousand, nine hundred and ninety"
6978,"six thousand, nine hundred and seventy-eight"
3124,"three thousand, one hundred and twenty-four"
3463,"three thousand, four hundred and sixty-three"
4743,"four thousand, seven hundred and forty-three"
8028,eight thousand and twenty-eight
2312,"two thousand, three hundred and twelve"
9556,"nine thousand, five hundred and fifty-six"
8726,"eight thousand, seven hundred and twenty-six"
4010,four thousand and ten
3886,"three thousand, eight hundred and eighty-six"
1168,"one thousand, one hundred and sixty-eight"
2268,"two thousand, two hundred and sixty-eight"
8675,"eight thousand, six hundred and seventy-five"
9127,"nine thousand, one hundred and twenty-seven"
5055,five thousand and fifty-five
7782,"seven thousand, seven hundred and eighty-two"
1113,"one thousand, one hundred and thirteen"
6747,"six thousand, seven hundred and forty-seven"
2356,"two thousand, three hundred and fifty-six"
5871,"five thousand, eight hundred and seventy-one"
1456,"one thousand, four hundred and fifty-six"
5164,"five thousand, one hundred and sixty-four"
1387,"one thousand, three hundred and eighty-seven"
2157,"two thousand, one hundred and fifty-seven"
5397,"five thousand, three hundred and ninety-seven"
7643,"seven thousand, six hundred and forty-three"
6541,"six thousand, five hundred and forty-one"
6642,"six thousand, six hundred and forty-two"
3046,three thousand and forty-six
8606,"eight thousand, six hundred and six"
3810,"three thousand, eight hundred and ten"
2875,"two thousand, eight hundred and seventy-five"
1371,"one thousand, three hundred and seventy-one"
6516,"six thousand, five hundred and sixteen"
4782,"four thousand, seven hundred and eighty-two"
3266,"three thousand, two hundred and sixty-six"
2533,"two thousand, five hundred and thirty-three"
1350,"one thousand, three hundred and fifty"
3358,"three thousand, three hundred and fifty-eight"
1241,"one thousand, two hundred and forty-one"
4445,"four thousand, four hundred and forty-five"
4089,four thousand and eighty-nine
1620,"one thousand, six hundred and twenty"
4949,"four thousand, nine hundred and forty-nine"
4315,"four thousand, three hundred and fifteen"
6773,"six thousand, seven hundred and seventy-three"
8564,"eight thousand, five hundred and sixty-four"
3874,"three thousand, eight hundred and seventy-four"
4979,"four thousand, nine hundred and seventy-nine"
6086,six thousand and eighty-six
5240,"five thousand, two hundred and forty"
9507,"nine thousand, five hundred and seven"
7828,"seven thousand, eight hundred and twenty-eight"
5080,five thousand and eighty
7161,"seven thousand, one hundred and sixty-one"
2759,"two thousand, seven hundred and fifty-nine"
9939,"nine thousand, nine hundred and thirty-nine"
8507,"eight thousand, five hundred and seven"
1577,"one thousand, five hundred and seventy-seven"
7620,"seven thousand, six hundred and twenty"
8198,"eight thousand, one hundred and ninety-eight"
9528,"nine thousand, five hundred and twenty-eight"
8369,"eight thousand, three hundred and sixty-nine"
3738,"three thousand, seven hundred and thirty-eight"
4235,"four thousand, two hundred and thirty-five"
2792,"two thousand, seven hundred and ninety-two"
8398,"eight thousand, three hundred and ninety-eight"
6495,"six thousand, four hundred and ninety-five"
5665,"five thousand, six hundred and sixty-five"
6683,"six thousand, six hundred and eighty-three"
6320,"six thousand, three hundred and twenty"
4841,"four thousand, eight hundred and forty-one"
7262,"seven thousand, two hundred and sixty-two"
4131,"four thousand, one hundred and thirty-one"
6020,six thousand and twenty
1650,"one thousand, six hundred and fifty"
9987,"nine thousand, nine hundred and eighty-seven"
7788,"seven thousand, seven hundred and eighty-eight"
8099,eight thousand and ninety-nine
1671,"one thousand, six hundred and seventy-one"
1559,"one thousand, five hundred and fifty-nine"
5123,"five thousand, one hundred and twenty-three"
3800,"three thousand, eight hundred"
8969,"eight thousand, nine hundred and sixty-nine"
6158,"six thousand, one hundred and fifty-eight"
8816,"eight thousand, eight hundred and sixteen"
6148,"six thousand, one hundred and forty-eight"
1187,"one thousand, one hundred and eighty-seven"
7147,"seven thousand, one hundred and forty-seven"
6008,six thousand and eight
5642,"five thousand, six hundred and forty-two"
6726,"six thousand, seven hundred and twenty-six"
1300,"one thousand, three hundred"
6019,six thousand and nineteen
3726,"three thousand, seven hundred and twenty-six"
1178,"one thousand, one hundred and seventy-eight"
9002,nine thousand and two
2371,"two thousand, three hundred and seventy-one"
9899,"nine thousand, eight hundred and ninety-nine"
7488,"seven thousand, four hundred and eighty-eight"
6138,"six thousand, one hundred and thirty-eight"
9124,"nine thousand, one hundred and twenty-four"
6669,"six thousand, six hundred and sixty-nine"
2529,"two thousand, five hundred and twenty-nine"
4228,"four thousand, two hundred and twenty-eight"
5453,"five thousand, four hundred and fifty-three"
2244,"two thousand, two hundred and forty-four"
5597,"five thousand, five hundred and ninety-seven"
8153,"eight thousand, one hundred and fifty-three"
2695,"two thousand, six hundred and ninety-five"
3694,"three thousand, six hundred and ninety-four"
7963,"seven thousand, nine hundred and sixty-three"
4850,"four thousand, eight hundred and fifty"
5092,five thousand and ninety-two
3742,"three thousand, seven hundred and forty-two"
8913,"eight thousand, nine hundred and thirteen"
4521,"four thousand, five hundred and twenty-one"
5957,"five thousand, nine hundred and fifty-seven"
4514,"four thousand, five hundred and fourteen"
2411,"two thousand, four hundred and eleven"
1161,"one thousand, one hundred and sixty-one"
8406,"eight thousand, four hundred and six"
9526,"nine thousand, five hundred and twenty-six"
1043,one thousand and forty-three
1210,"one thousand, two hundred and ten"
6115,"six thousand, one hundred and fifteen"
8589,"eight thousand, five hundred and eighty-nine"
7429,"seven thousand, four hundred and twenty-nine"
3245,"three thousand, two hundred and forty-five"
7061,seven thousand and sixty-one
1013,one thousand and thirteen
8121,"eight thousand, one hundred and twenty-one"
5052,five thousand and fifty-two
7411,"seven thousand, four hundred and eleven"
1706,"one thousand, seven hundred and six"
1796,"one thousand, seven hundred and ninety-six"
2693,"two thousand, six hundred and ninety-three"
3983,"three thousand, nine hundred and eighty-three"
3828,"three thousand, eight hundred and twenty-eight"
1405,"one thousand, four hundred and five"
9793,"nine thousand, seven hundred and ninety-three"
9363,"nine thousand, three hundred and sixty-three"
7104,"seven thousand, one hundred and four"
4553,"four thousand, five hundred and fifty-three"
3635,"three thousand, six hundred and thirty-five"
3173,"three thousand, one hundred and seventy-three"
4343,"four thousand, three hundred and forty-three"
6386,"six thousand, three hundred and eighty-six"
6600,"six thousand, six hundred"
7657,"seven thousand, six hundred and fifty-seven"
6270,"six thousand, two hundred and seventy"
5622,"five thousand, six hundred and twenty-two"
5918,"five thousand, nine hundred and eighteen"
8237,"eight thousand, two hundred and thirty-seven"
1604,"one thousand, six hundred and four"
8656,"eight thousand, six hundred and fifty-six"
7282,"seven thousand, two hundred and eighty-two"
8386,"eight thousand, three hundred and eighty-six"
4188,"four thousand, one hundred and eighty-eight"
1578,"one thousand, five hundred and seventy-eight"
3610,"three thousand, six hundred and ten"
2844,"two thousand, eight hundred and forty-four"
2245,"two thousand, two hundred and forty-five"
5350,"five thousand, three hundred and fifty"
9338,"nine thousand, three hundred and thirty-eight"
2701,"two thousand, seven hundred and one"
4623,"four thousand, six hundred and twenty-three"
4271,"four thousand, two hundred and seventy-one"
8061,eight thousand and sixty-one
2138,"two thousand, one hundred and thirty-eight"
1594,"one thousand, five hundred and ninety-four"
9944,"nine thousand, nine hundred and forty-four"
9769,"nine thousand, seven hundred and sixty-nine"
5872,"five thousand, eight hundred and seventy-two"
7804,"seven thousand, eight hundred and four"
8525,"eight thousand, five hundred and twenty-five"
6573,"six thousand, five hundred and seventy-three"
8597,"eight thousand, five hundred and ninety-seven"
4451,"four thousand, four hundred and fifty-one"
3749,"three thousand, seven hundred and forty-nine"
9161,"nine thousand, one hundred and sixty-one"
5962,"five thousand, nine hundred and sixty-two"
9239,"nine thousand, two hundred and thirty-nine"
1605,"one thousand, six hundred and five"
9920,"nine thousand, nine hundred and twenty"
8729,"eight thousand, seven hundred and twenty-nine"
8137,"eight thousand, one hundred and thirty-seven"
6061,six thousand and sixty-one
4068,four thousand and sixty-eight
9700,"nine thousand, seven hundred"
2213,"two thousand, two hundred and thirteen"
4030,four thousand and thirty
1572,"one thousand, five hundred and seventy-two"
4704,"four thousand, seven hundred and four"
2969,"two thousand, nine hundred and sixty-nine"
5278,"five thousand, two hundred and seventy-eight"
6379,"six thousand, three hundred and seventy-nine"
7162,"seven thousand, one hundred and sixty-two"
5847,"five thousand, eight hundred and forty-seven"
8818,"eight thousand, eight hundred and eighteen"
1719,"one thousand, seven hundred and nineteen"
4065,four thousand and sixty-five
3404,"three thousand, four hundred and four"
1885,"one thousand, eight hundred and eighty-five"
1012,one thousand and twelve
2453,"two thousand, four hundred and fifty-three"
5900,"five thousand, nine hundred"
7824,"seven thousand, eight hundred and twenty-four"
7602,"seven thousand, six hundred and two"
7841,"seven thousand, eight hundred and forty-one"
9411,"nine thousand, four hundred and eleven"
8475,"eight thousand, four hundred and seventy-five"
3981,"three thousand, nine hundred and eighty-one"
5713,"five thousand, seven hundred and thirteen"
9661,"nine thousand, six hundred and sixty-one"
4877,"four thousand, eight hundred and seventy-seven"
8678,"eight thousand, six hundred and seventy-eight"
1419,"one thousand, four hundred and nineteen"
5497,"five thousand, four hundred and ninety-seven"
2160,"two thousand, one hundred and sixty"
8059,eight thousand and fifty-nine
8907,"eight thousand, nine hundred and seven"
8801,"eight thousand, eight hundred and one"
1078,one thousand and seventy-eight
9635,"nine thousand, six hundred and thirty-five"
3365,"three thousand, three hundred and sixty-five"
5760,"five thousand, seven hundred and sixty"
4799,"four thousand, seven hundred and ninety-nine"
2952,"two thousand, nine hundred and fifty-two"
2687,"two thousand, six hundred and eighty-seven"
7867,"seven thousand, eight hundred and sixty-seven"
5074,five thousand and seventy-four
4905,"four thousand, nine hundred and five"
8473,"eight thousand, four hundred and seventy-three"
5766,"five thousand, seven hundred and sixty-six"
9228,"nine thousand, two hundred and twenty-eight"
3201,"three thousand, two hundred and one"
4881,"four thousand, eight hundred and eighty-one"
3977,"three thousand, nine hundred and seventy-seven"
7607,"seven thousand, six hundred and seven"
3763,"three thousand, seven hundred and sixty-three"
9910,"nine thousand, nine hundred and ten"
5569,"five thousand, five hundred and sixty-nine"
9818,"nine thousand, eight hundred and eighteen"
4775,"four thousand, seven hundred and seventy-five"
9364,"nine thousand, three hundred and sixty-four"
6316,"six thousand, three hundred and sixteen"
8166,"eight thousand, one hundred and sixty-six"
8436,"eight thousand, four hundred and thirty-six"
6455,"six thousand, four hundred and fifty-five"
1143,"one thousand, one hundred and forty-three"
4865,"four thousand, eight hundred and sixty-five"
7342,"seven thousand, three hundred and forty-two"
8377,"eight thousand, three hundred and seventy-seven"
8176,"eight thousand, one hundred and seventy-six"
7462,"seven thousand, four hundred and sixty-two"
7667,"seven thousand, six hundred and sixty-seven"
1950,"one thousand, nine hundred and fifty"
4899,"four thousand, eight hundred and ninety-nine"
8197,"eight thousand, one hundred and ninety-seven"
6446,"six thousand, four hundred and forty-six"
6948,"six thousand, nine hundred and forty-eight"
7745,"seven thousand, seven hundred and forty-five"
7732,"seven thousand, seven hundred and thirty-two"
6016,six thousand and sixteen
1421,"one thousand, four hundred and twenty-one"
9245,"nine thousand, two hundred and forty-five"
1308,"one thousand, three hundred and eight"
7636,"seven thousand, six hundred and thirty-six"
8419,"eight thousand, four hundred and nineteen"
9001,nine thousand and one
5585,"five thousand, five hundred and eighty-five"
3443,"three thousand, four hundred and forty-three"
5565,"five thousand, five hundred and sixty-five"
3298,"three thousand, two hundred and ninety-eight"
5076,five thousand and seventy-six
7988,"seven thousand, nine hundred and eighty-eight"
6616,"six thousand, six hundred and sixteen"
9600,"nine thousand, six hundred"
3527,"three thousand, five hundred and twenty-seven"
6507,"six thousand, five hundred and seven"
6525,"six thousand, five hundred and twenty-five"
4063,four thousand and sixty-three
9834,"nine thousand, eight hundred and thirty-four"
1030,one thousand and thirty
2168,"two thousand, one hundred and sixty-eight"
9406,"nine thousand, four hundred and six"
5365,"five thousand, three hundred and sixty-five"
9372,"nine thousand, three hundred and seventy-two"
2174,"two thousand, one hundred and seventy-four"
1470,"one thousand, four hundred and seventy"
9871,"nine thousand, eight hundred and seventy-one"
5584,"five thousand, five hundred and eighty-four"
6554,"six thousand, five hundred and fifty-four"
4513,"four thousand, five hundred and thirteen"
2341,"two thousand, three hundred and forty-one"
3036,three thousand and thirty-six
2828,"two thousand, eight hundred and twenty-eight"
2705,"two thousand, seven hundred and five"
4802,"four thousand, eight hundred and two"
6837,"six thousand, eight hundred and thirty-seven"
4745,"four thousand, seven hundred and forty-five"
6802,"six thousand, eight hundred and two"
4522,"four thousand, five hundred and twenty-two"
2566,"two thousand, five hundred and sixty-six"
3274,"three thousand, two hundred and seventy-four"
9113,"nine thousand, one hundred and thirteen"
5972,"five thousand, nine hundred and seventy-two"
9579,"nine thousand, five hundred and seventy-nine"
3715,"three thousand, seven hundred and fifteen"
8569,"eight thousand, five hundred and sixty-nine"
7856,"seven thousand, eight hundred and fifty-six"
2107,"two thousand, one hundred and seven"
6537,"six thousand, five hundred and thirty-seven"
7013,seven thousand and thirteen
7877,"seven thousand, eight hundred and seventy-seven"
5104,"five thousand, one hundred and four"
6133,"six thousand, one hundred and thirty-three"
5458,"five thousand, four hundred and fifty-eight"
4206,"four thousand, two hundred and six"
3677,"three thousand, six hundred and seventy-seven"
1713,"one thousand, seven hundred and thirteen"
8573,"eight thousand, five hundred and seventy-three"
8909,"eight thousand, nine hundred and nine"
9304,"nine thousand, three hundred and four"
6145,"six thousand, one hundred and forty-five"
8162,"eight thousand, one hundred and sixty-two"
8848,"eight thousand, eight hundred and forty-eight"
2744,"two thousand, seven hundred and forty-four"
7398,"seven thousand, three hundred and ninety-eight"
6015,six thousand and fifteen
8875,"eight thousand, eight hundred and seventy-five"
2599,"two thousand, five hundred and ninety-nine"
6197,"six thousand, one hundred and ninety-seven"
6176,"six thousand, one hundred and seventy-six"
7133,"seven thousand, one hundred and thirty-three"
1841,"one thousand, eight hundred and forty-one"
3437,"three thousand, four hundred and thirty-seven"
4280,"four thousand, two hundred and eighty"
3941,"three thousand, nine hundred and forty-one"
2520,"two thousand, five hundred and twenty"
7578,"seven thousand, five hundred and seventy-eight"
9451,"nine thousand, four hundred and fifty-one"
4419,"four thousand, four hundred and nineteen"
9021,nine thousand and twenty-one
8908,"eight thousand, nine hundred and eight"
7771,"seven thousand, seven hundred and seventy-one"
1469,"one thousand, four hundred and sixty-nine"
3390,"three thousand, three hundred and ninety"
8781,"eight thousand, seven hundred and eighty-one"
9607,"nine thousand, six hundred and seven"
7417,"seven thousand, four hundred and seventeen"
5730,"five thousand, seven hundred and thirty"
5000,five thousand
1378,"one thousand, three hundred and seventy-eight"
9419,"nine thousand, four hundred and nineteen"
4939,"four thousand, nine hundred and thirty-nine"
9433,"nine thousand, four hundred and thirty-three"
5615,"five thousand, six hundred and fifteen"
2641,"two thousand, six hundred and forty-one"
1119,"one thousand, one hundred and nineteen"
8283,"eight thousand, two hundred and eighty-three"
3666,"three thousand, six hundred and sixty-six"
9159,"nine thousand, one hundred and fifty-nine"
3001,three thousand and one
1892,"one thousand, eight hundred and ninety-two"
4023,four thousand and twenty-three
3935,"three thousand, nine hundred and thirty-five"
9656,"nine thousand, six hundred and fifty-six"
5177,"five thousand, one hundred and seventy-seven"
8524,"eight thousand, five hundred and twenty-four"
8163,"eight thousand, one hundred and sixty-three"
2514,"two thousand, five hundred and fourteen"
1377,"one thousand, three hundred and seventy-seven"
3585,"three thousand, five hundred and eighty-five"
1943,"one thousand, nine hundred and forty-three"
9375,"nine thousand, three hundred and seventy-five"
6843,"six thousand, eight hundred and forty-three"
9675,"nine thousand, six hundred and seventy-five"
9401,"nine thousand, four hundred and one"
5336,"five thousand, three hundred and thirty-six"
1485,"one thousand, four hundred and eighty-five"
9257,"nine thousand, two hundred and fifty-seven"
3525,"three thousand, five hundred and twenty-five"
8901,"eight thousand, nine hundred and one"
2654,"two thousand, six hundred and fifty-four"
1344,"one thousand, three hundred and forty-four"
3950,"three thousand, nine hundred and fifty"
7644,"seven thousand, six hundred and forty-four"
6040,six thousand and forty
3457,"three thousand, four hundred and fifty-seven"
7655,"seven thousand, six hundred and fifty-five"
4132,"four thousand, one hundred and thirty-two"
5540,"five thousand, five hundred and forty"
3904,"three thousand, nine hundred and four"
8210,"eight thousand, two hundred and ten"
7379,"seven thousand, three hundred and seventy-nine"
3340,"three thousand, three hundred and forty"
6583,"six thousand, five hundred and eighty-three"
4558,"four thousand, five hundred and fifty-eight"
7939,"seven thousand, nine hundred and thirty-nine"
4655,"four thousand, six hundred and fifty-five"
9355,"nine thousand, three hundred and fifty-five"
7230,"seven thousand, two hundred and thirty"
1581,"one thousand, five hundred and eighty-one"
4781,"four thousand, seven hundred and eighty-one"
3765,"three thousand, seven hundred and sixty-five"
1093,one thousand and ninety-three
2236,"two thousand, two hundred and thirty-six"
8429,"eight thousand, four hundred and twenty-nine"
1505,"one thousand, five hundred and five"
5898,"five thousand, eight hundred and ninety-eight"
4388,"four thousand, three hundred and eighty-eight"
6584,"six thousand, five hundred and eighty-four"
4504,"four thousand, five hundred and four"
5875,"five thousand, eight hundred and seventy-five"
6702,"six thousand, seven hundred and two"
6748,"six thousand, seven hundred and forty-eight"
9915,"nine thousand, nine hundred and fifteen"
1729,"one thousand, seven hundred and twenty-nine"
7002,seven thousand and two
8152,"eight thousand, one hundred and fifty-two"
7166,"seven thousand, one hundred and sixty-six"
4677,"four thousand, six hundred and seventy-seven"
5305,"five thousand, three hundred and five"
8031,eight thousand and thirty-one
9160,"nine thousand, one hundred and sixty"
1825,"one thousand, eight hundred and twenty-five"
2319,"two thousand, three hundred and nineteen"
4378,"four thousand, three hundred and seventy-eight"
1744,"one thousand, seven hundred and forty-four"
9727,"nine thousand, seven hundred and twenty-seven"
4692,"four thousand, six hundred and ninety-two"
4948,"four thousand, nine hundred and forty-eight"
1388,"one thousand, three hundred and eighty-eight"
8810,"eight thousand, eight hundred and ten"
5484,"five thousand, four hundred and eighty-four"
4329,"four thousand, three hundred and twenty-nine"
6984,"six thousand, nine hundred and eighty-four"
8405,"eight thousand, four hundred and five"
9179,"nine thousand, one hundred and seventy-nine"
3708,"three thousand, seven hundred and eight"
3621,"three thousand, six hundred and twenty-one"
4985,"four thousand, nine hundred and eighty-five"
8758,"eight thousand, seven hundred and fifty-eight"
1724,"one thousand, seven hundred and twenty-four"
8934,"eight thousand, nine hundred and thirty-four"
7624,"seven thousand, six hundred and twenty-four"
8058,eight thousand and fifty-eight
5346,"five thousand, three hundred and forty-six"
8807,"eight thousand, eight hundred and seven"
3535,"three thousand, five hundred and thirty-five"
9983,"nine thousand, nine hundred and eighty-three"
8338,"eight thousand, three hundred and thirty-eight"
9213,"nine thousand, two hundred and thirteen"
4626,"four thousand, six hundred and twenty-six"
1557,"one thousand, five hundred and fifty-seven"
7716,"seven thousand, seven hundred and sixteen"
7847,"seven thousand, eight hundred and forty-seven"
8442,"eight thousand, four hundred and forty-two"
7235,"seven thousand, two hundred and thirty-five"
9039,nine thousand and thirty-nine
6653,"six thousand, six hundred and fifty-three"
6716,"six thousand, seven hundred and sixteen"
1948,"one thousand, nine hundred and forty-eight"
4672,"four thousand, six hundred and seventy-two"
4885,"four thousand, eight hundred and eighty-five"
5977,"five thousand, nine hundred and seventy-seven"
6883,"six thousand, eight hundred and eighty-three"
3397,"three thousand, three hundred and ninety-seven"
3516,"three thousand, five hundred and sixteen"
2009,two thousand and nine
7671,"seven thousand, six hundred and seventy-one"
7532,"seven thousand, five hundred and thirty-two"
9866,"nine thousand, eight hundred and sixty-six"
6168,"six thousand, one hundred and sixty-eight"
7586,"seven thousand, five hundred and eighty-six"
8296,"eight thousand, two hundred and ninety-six"
9440,"nine thousand, four hundred and forty"
3315,"three thousand, three hundred and fifteen"
7109,"seven thousand, one hundred and nine"
5197,"five thousand, one hundred and ninety-seven"
9875,"nine thousand, eight hundred and seventy-five"
8422,"eight thousand, four hundred and twenty-two"
3910,"three thousand, nine hundred and ten"
2983,"two thousand, nine hundred and eighty-three"
2865,"two thousand, eight hundred and sixty-five"
2554,"two thousand, five hundred and fifty-four"
5435,"five thousand, four hundred and thirty-five"
1901,"one thousand, nine hundred and one"
7916,"seven thousand, nine hundred and sixteen"
3645,"three thousand, six hundred and forty-five"
8390,"eight thousand, three hundred and ninety"
2760,"two thousand, seven hundred and sixty"
9461,"nine thousand, four hundred and sixty-one"
3618,"three thousand, six hundred and eighteen"
1942,"one thousand, nine hundred and forty-two"
7072,seven thousand and seventy-two
1627,"one thousand, six hundred and twenty-seven"
5703,"five thousand, seven hundred and three"
8060,eight thousand and sixty
3588,"three thousand, five hundred and eighty-eight"
9010,nine thousand and ten
8956,"eight thousand, nine hundred and fifty-six"
3898,"three thousand, eight hundred and ninety-eight"
2596,"two thousand, five hundred and ninety-six"
1154,"one thousand, one hundred and fifty-four"
1302,"one thousand, three hundred and two"
3614,"three thousand, six hundred and fourteen"
8297,"eight thousand, two hundred and ninety-seven"
9935,"nine thousand, nine hundred and thirty-five"
9636,"nine thousand, six hundred and thirty-six"
2169,"two thousand, one hundred and sixty-nine"
5064,five thousand and sixty-four
8446,"eight thousand, four hundred and forty-six"
5068,five thousand and sixty-eight
3687,"three thousand, six hundred and eighty-seven"
5370,"five thousand, three hundred and seventy"
1196,"one thousand, one hundred and ninety-six"
1455,"one thousand, four hundred and fifty-five"
9713,"nine thousand, seven hundred and thirteen"
6514,"six thousand, five hundred and fourteen"
3630,"three thousand, six hundred and thirty"
2679,"two thousand, six hundred and seventy-nine"
5489,"five thousand, four hundred and eighty-nine"
4800,"four thousand, eight hundred"
9482,"nine thousand, four hundred and eighty-two"
5516,"five thousand, five hundred and sixteen"
6875,"six thousand, eight hundred and seventy-five"
1367,"one thousand, three hundred and sixty-seven"
5264,"five thousand, two hundred and sixty-four"
9912,"nine thousand, nine hundred and twelve"
8556,"eight thousand, five hundred and fifty-six"
8103,"eight thousand, one hundred and three"
3429,"three thousand, four hundred and twenty-nine"
4975,"four thousand, nine hundred and seventy-five"
9246,"nine thousand, two hundred and forty-six"
3792,"three thousand, seven hundred and ninety-two"
2199,"two thousand, one hundred and ninety-nine"
9510,"nine thousand, five hundred and ten"
7114,"seven thousand, one hundred and fourteen"
7066,seven thousand and sixty-six
6288,"six thousand, two hundred and eighty-eight"
8037,eight thousand and thirty-seven
5932,"five thousand, nine hundred and thirty-two"
1207,"one thousand, two hundred and seven"
4702,"four thousand, seven hundred and two"
7227,"seven thousand, two hundred and twenty-seven"
4396,"four thousand, three hundred and ninety-six"
4694,"four thousand, six hundred and ninety-four"
8130,"eight thousand, one hundred and thirty"
9847,"nine thousand, eight hundred and forty-seven"
5165,"five thousand, one hundred and sixty-five"
5846,"five thousand, eight hundred and forty-six"
4866,"four thousand, eight hundred and sixty-six"
1992,"one thousand, nine hundred and ninety-two"
6492,"six thousand, four hundred and ninety-two"
9874,"nine thousand, eight hundred and seventy-four"
1924,"one thousand, nine hundred and twenty-four"
4719,"four thousand, seven hundred and nineteen"
5647,"five thousand, six hundred and forty-seven"
4748,"four thousand, seven hundred and forty-eight"
